split,instrument_family_str,pitch,notes,source_instruments,family_note_fraction
test,bass,10,1,1,0.0011862396204033216
test,bass,11,1,1,0.0011862396204033216
test,bass,12,1,1,0.0011862396204033216
test,bass,13,2,1,0.002372479240806643
test,bass,14,2,1,0.002372479240806643
test,bass,15,1,1,0.0011862396204033216
test,bass,17,1,1,0.0011862396204033216
test,bass,18,3,1,0.0035587188612099642
test,bass,19,1,1,0.0011862396204033216
test,bass,20,2,1,0.002372479240806643
test,bass,21,7,5,0.00830367734282325
test,bass,22,10,8,0.011862396204033215
test,bass,23,14,8,0.0166073546856465
test,bass,24,8,6,0.009489916963226572
test,bass,25,7,4,0.00830367734282325
test,bass,26,10,6,0.011862396204033215
test,bass,27,9,8,0.010676156583629894
test,bass,28,9,5,0.010676156583629894
test,bass,29,11,8,0.013048635824436536
test,bass,30,12,7,0.014234875444839857
test,bass,31,10,6,0.011862396204033215
test,bass,32,16,9,0.018979833926453145
test,bass,33,10,7,0.011862396204033215
test,bass,34,9,6,0.010676156583629894
test,bass,35,16,9,0.018979833926453145
test,bass,36,10,6,0.011862396204033215
test,bass,37,13,6,0.01542111506524318
test,bass,38,9,7,0.010676156583629894
test,bass,39,14,8,0.0166073546856465
test,bass,40,23,8,0.027283511269276393
test,bass,41,8,6,0.009489916963226572
test,bass,42,12,7,0.014234875444839857
test,bass,43,9,6,0.010676156583629894
test,bass,44,15,8,0.017793594306049824
test,bass,45,15,9,0.017793594306049824
test,bass,46,7,5,0.00830367734282325
test,bass,47,11,6,0.013048635824436536
test,bass,48,15,8,0.017793594306049824
test,bass,49,13,8,0.01542111506524318
test,bass,50,8,6,0.009489916963226572
test,bass,51,13,8,0.01542111506524318
test,bass,52,13,8,0.01542111506524318
test,bass,53,10,8,0.011862396204033215
test,bass,54,12,8,0.014234875444839857
test,bass,55,13,9,0.01542111506524318
test,bass,56,8,5,0.009489916963226572
test,bass,57,15,9,0.017793594306049824
test,bass,58,13,7,0.01542111506524318
test,bass,59,12,9,0.014234875444839857
test,bass,60,8,8,0.009489916963226572
test,bass,61,14,9,0.0166073546856465
test,bass,62,19,9,0.022538552787663108
test,bass,63,10,7,0.011862396204033215
test,bass,64,8,5,0.009489916963226572
test,bass,65,11,5,0.013048635824436536
test,bass,66,9,6,0.010676156583629894
test,bass,67,8,6,0.009489916963226572
test,bass,68,8,4,0.009489916963226572
test,bass,69,13,7,0.01542111506524318
test,bass,70,5,4,0.005931198102016607
test,bass,71,8,5,0.009489916963226572
test,bass,72,8,5,0.009489916963226572
test,bass,73,10,6,0.011862396204033215
test,bass,74,5,4,0.005931198102016607
test,bass,75,3,3,0.0035587188612099642
test,bass,76,7,6,0.00830367734282325
test,bass,77,7,6,0.00830367734282325
test,bass,78,4,4,0.004744958481613286
test,bass,79,5,5,0.005931198102016607
test,bass,80,9,6,0.010676156583629894
test,bass,81,5,4,0.005931198102016607
test,bass,82,5,4,0.005931198102016607
test,bass,83,10,7,0.011862396204033215
test,bass,84,10,5,0.011862396204033215
test,bass,85,8,5,0.009489916963226572
test,bass,86,6,5,0.0071174377224199285
test,bass,87,6,4,0.0071174377224199285
test,bass,88,8,6,0.009489916963226572
test,bass,89,5,5,0.005931198102016607
test,bass,90,6,4,0.0071174377224199285
test,bass,91,12,6,0.014234875444839857
test,bass,92,10,5,0.011862396204033215
test,bass,93,9,6,0.010676156583629894
test,bass,94,4,3,0.004744958481613286
test,bass,95,9,7,0.010676156583629894
test,bass,96,11,6,0.013048635824436536
test,bass,97,4,3,0.004744958481613286
test,bass,98,4,3,0.004744958481613286
test,bass,99,6,4,0.0071174377224199285
test,bass,100,7,5,0.00830367734282325
test,bass,101,4,4,0.004744958481613286
test,bass,102,7,4,0.00830367734282325
test,bass,103,3,3,0.0035587188612099642
test,bass,104,12,6,0.014234875444839857
test,bass,105,9,5,0.010676156583629894
test,bass,106,10,4,0.011862396204033215
test,bass,107,6,4,0.0071174377224199285
test,bass,108,4,4,0.004744958481613286
test,brass,25,1,1,0.0037174721189591076
test,brass,26,1,1,0.0037174721189591076
test,brass,27,2,1,0.007434944237918215
test,brass,28,1,1,0.0037174721189591076
test,brass,29,2,1,0.007434944237918215
test,brass,30,3,1,0.011152416356877323
test,brass,31,2,1,0.007434944237918215
test,brass,32,4,2,0.01486988847583643
test,brass,33,1,1,0.0037174721189591076
test,brass,34,1,1,0.0037174721189591076
test,brass,35,2,2,0.007434944237918215
test,brass,36,3,2,0.011152416356877323
test,brass,37,3,2,0.011152416356877323
test,brass,39,3,2,0.011152416356877323
test,brass,40,3,1,0.011152416356877323
test,brass,41,3,2,0.011152416356877323
test,brass,42,4,3,0.01486988847583643
test,brass,43,5,2,0.01858736059479554
test,brass,44,2,1,0.007434944237918215
test,brass,45,5,3,0.01858736059479554
test,brass,46,2,2,0.007434944237918215
test,brass,47,6,3,0.022304832713754646
test,brass,48,3,2,0.011152416356877323
test,brass,49,5,3,0.01858736059479554
test,brass,50,3,2,0.011152416356877323
test,brass,51,5,3,0.01858736059479554
test,brass,52,3,2,0.011152416356877323
test,brass,53,4,1,0.01486988847583643
test,brass,54,3,2,0.011152416356877323
test,brass,55,5,4,0.01858736059479554
test,brass,56,4,3,0.01486988847583643
test,brass,57,4,3,0.01486988847583643
test,brass,58,8,4,0.02973977695167286
test,brass,59,6,4,0.022304832713754646
test,brass,60,7,4,0.026022304832713755
test,brass,61,7,4,0.026022304832713755
test,brass,62,6,3,0.022304832713754646
test,brass,63,4,3,0.01486988847583643
test,brass,64,7,5,0.026022304832713755
test,brass,65,8,4,0.02973977695167286
test,brass,66,6,3,0.022304832713754646
test,brass,67,4,3,0.01486988847583643
test,brass,68,6,4,0.022304832713754646
test,brass,69,4,3,0.01486988847583643
test,brass,70,5,4,0.01858736059479554
test,brass,71,2,2,0.007434944237918215
test,brass,72,5,4,0.01858736059479554
test,brass,73,4,3,0.01486988847583643
test,brass,74,4,2,0.01486988847583643
test,brass,75,4,4,0.01486988847583643
test,brass,76,2,1,0.007434944237918215
test,brass,77,4,3,0.01486988847583643
test,brass,78,1,1,0.0037174721189591076
test,brass,79,6,3,0.022304832713754646
test,brass,80,3,2,0.011152416356877323
test,brass,81,2,2,0.007434944237918215
test,brass,82,1,1,0.0037174721189591076
test,brass,83,2,1,0.007434944237918215
test,brass,84,5,3,0.01858736059479554
test,brass,85,4,3,0.01486988847583643
test,brass,86,6,3,0.022304832713754646
test,brass,87,3,3,0.011152416356877323
test,brass,88,2,1,0.007434944237918215
test,brass,89,3,2,0.011152416356877323
test,brass,91,1,1,0.0037174721189591076
test,brass,92,1,1,0.0037174721189591076
test,brass,93,2,1,0.007434944237918215
test,brass,94,2,1,0.007434944237918215
test,brass,95,3,1,0.011152416356877323
test,brass,96,3,1,0.011152416356877323
test,brass,97,2,1,0.007434944237918215
test,brass,98,2,1,0.007434944237918215
test,brass,99,1,1,0.0037174721189591076
test,brass,100,1,1,0.0037174721189591076
test,brass,101,2,1,0.007434944237918215
test,brass,104,2,1,0.007434944237918215
test,brass,105,2,1,0.007434944237918215
test,brass,106,2,1,0.007434944237918215
test,brass,107,2,1,0.007434944237918215
test,brass,108,2,1,0.007434944237918215
test,flute,21,2,1,0.011111111111111112
test,flute,22,3,1,0.016666666666666666
test,flute,23,2,1,0.011111111111111112
test,flute,24,1,1,0.005555555555555556
test,flute,25,1,1,0.005555555555555556
test,flute,26,2,1,0.011111111111111112
test,flute,27,2,1,0.011111111111111112
test,flute,28,2,1,0.011111111111111112
test,flute,29,2,1,0.011111111111111112
test,flute,30,3,1,0.016666666666666666
test,flute,31,1,1,0.005555555555555556
test,flute,34,1,1,0.005555555555555556
test,flute,35,1,1,0.005555555555555556
test,flute,36,2,1,0.011111111111111112
test,flute,37,1,1,0.005555555555555556
test,flute,39,2,1,0.011111111111111112
test,flute,40,2,1,0.011111111111111112
test,flute,41,3,1,0.016666666666666666
test,flute,42,2,1,0.011111111111111112
test,flute,43,1,1,0.005555555555555556
test,flute,45,1,1,0.005555555555555556
test,flute,47,1,1,0.005555555555555556
test,flute,48,2,1,0.011111111111111112
test,flute,49,3,1,0.016666666666666666
test,flute,50,2,1,0.011111111111111112
test,flute,51,1,1,0.005555555555555556
test,flute,52,3,1,0.016666666666666666
test,flute,53,2,1,0.011111111111111112
test,flute,54,4,1,0.022222222222222223
test,flute,55,1,1,0.005555555555555556
test,flute,57,3,1,0.016666666666666666
test,flute,58,2,1,0.011111111111111112
test,flute,60,1,1,0.005555555555555556
test,flute,61,2,1,0.011111111111111112
test,flute,62,2,1,0.011111111111111112
test,flute,63,1,1,0.005555555555555556
test,flute,64,2,1,0.011111111111111112
test,flute,66,2,1,0.011111111111111112
test,flute,67,2,1,0.011111111111111112
test,flute,68,3,2,0.016666666666666666
test,flute,69,1,1,0.005555555555555556
test,flute,70,1,1,0.005555555555555556
test,flute,71,2,2,0.011111111111111112
test,flute,72,5,2,0.027777777777777776
test,flute,73,4,2,0.022222222222222223
test,flute,74,1,1,0.005555555555555556
test,flute,75,2,2,0.011111111111111112
test,flute,76,1,1,0.005555555555555556
test,flute,77,4,2,0.022222222222222223
test,flute,78,3,1,0.016666666666666666
test,flute,79,5,2,0.027777777777777776
test,flute,80,2,2,0.011111111111111112
test,flute,81,3,2,0.016666666666666666
test,flute,83,3,2,0.016666666666666666
test,flute,84,3,2,0.016666666666666666
test,flute,85,2,1,0.011111111111111112
test,flute,86,4,2,0.022222222222222223
test,flute,87,4,2,0.022222222222222223
test,flute,88,1,1,0.005555555555555556
test,flute,90,3,1,0.016666666666666666
test,flute,91,5,2,0.027777777777777776
test,flute,92,3,2,0.016666666666666666
test,flute,93,1,1,0.005555555555555556
test,flute,94,1,1,0.005555555555555556
test,flute,95,3,2,0.016666666666666666
test,flute,96,3,2,0.016666666666666666
test,flute,97,1,1,0.005555555555555556
test,flute,98,6,2,0.03333333333333333
test,flute,99,4,2,0.022222222222222223
test,flute,100,3,1,0.016666666666666666
test,flute,101,4,2,0.022222222222222223
test,flute,102,2,1,0.011111111111111112
test,flute,103,2,1,0.011111111111111112
test,flute,104,2,1,0.011111111111111112
test,flute,105,4,2,0.022222222222222223
test,flute,106,2,2,0.011111111111111112
test,flute,107,2,2,0.011111111111111112
test,flute,108,2,1,0.011111111111111112
test,guitar,21,7,5,0.010736196319018405
test,guitar,22,11,5,0.01687116564417178
test,guitar,23,7,4,0.010736196319018405
test,guitar,24,14,7,0.02147239263803681
test,guitar,25,7,4,0.010736196319018405
test,guitar,26,7,5,0.010736196319018405
test,guitar,27,6,4,0.009202453987730062
test,guitar,28,7,6,0.010736196319018405
test,guitar,29,7,6,0.010736196319018405
test,guitar,30,5,3,0.007668711656441718
test,guitar,31,7,6,0.010736196319018405
test,guitar,32,6,4,0.009202453987730062
test,guitar,33,6,5,0.009202453987730062
test,guitar,34,9,5,0.013803680981595092
test,guitar,35,5,4,0.007668711656441718
test,guitar,36,7,6,0.010736196319018405
test,guitar,37,11,5,0.01687116564417178
test,guitar,38,4,2,0.006134969325153374
test,guitar,39,5,4,0.007668711656441718
test,guitar,40,7,5,0.010736196319018405
test,guitar,41,7,4,0.010736196319018405
test,guitar,42,8,5,0.012269938650306749
test,guitar,43,7,4,0.010736196319018405
test,guitar,44,5,4,0.007668711656441718
test,guitar,45,9,6,0.013803680981595092
test,guitar,46,9,6,0.013803680981595092
test,guitar,47,3,2,0.004601226993865031
test,guitar,48,9,6,0.013803680981595092
test,guitar,49,7,5,0.010736196319018405
test,guitar,50,9,5,0.013803680981595092
test,guitar,51,12,6,0.018404907975460124
test,guitar,52,9,6,0.013803680981595092
test,guitar,53,6,4,0.009202453987730062
test,guitar,54,9,6,0.013803680981595092
test,guitar,55,5,5,0.007668711656441718
test,guitar,56,7,5,0.010736196319018405
test,guitar,57,10,6,0.015337423312883436
test,guitar,58,7,5,0.010736196319018405
test,guitar,59,6,5,0.009202453987730062
test,guitar,60,9,6,0.013803680981595092
test,guitar,61,10,7,0.015337423312883436
test,guitar,62,9,5,0.013803680981595092
test,guitar,63,9,4,0.013803680981595092
test,guitar,64,8,6,0.012269938650306749
test,guitar,65,5,3,0.007668711656441718
test,guitar,66,4,4,0.006134969325153374
test,guitar,67,9,6,0.013803680981595092
test,guitar,68,11,5,0.01687116564417178
test,guitar,69,6,4,0.009202453987730062
test,guitar,70,7,4,0.010736196319018405
test,guitar,71,9,5,0.013803680981595092
test,guitar,72,9,5,0.013803680981595092
test,guitar,73,7,6,0.010736196319018405
test,guitar,74,8,5,0.012269938650306749
test,guitar,75,6,4,0.009202453987730062
test,guitar,76,11,6,0.01687116564417178
test,guitar,77,15,7,0.023006134969325152
test,guitar,78,1,1,0.0015337423312883436
test,guitar,79,4,3,0.006134969325153374
test,guitar,80,8,5,0.012269938650306749
test,guitar,81,5,5,0.007668711656441718
test,guitar,82,9,5,0.013803680981595092
test,guitar,83,8,5,0.012269938650306749
test,guitar,84,8,6,0.012269938650306749
test,guitar,85,7,5,0.010736196319018405
test,guitar,86,6,4,0.009202453987730062
test,guitar,87,10,5,0.015337423312883436
test,guitar,88,4,4,0.006134969325153374
test,guitar,89,8,6,0.012269938650306749
test,guitar,90,11,6,0.01687116564417178
test,guitar,91,4,3,0.006134969325153374
test,guitar,92,8,5,0.012269938650306749
test,guitar,93,6,4,0.009202453987730062
test,guitar,94,8,4,0.012269938650306749
test,guitar,95,4,4,0.006134969325153374
test,guitar,96,10,6,0.015337423312883436
test,guitar,97,7,5,0.010736196319018405
test,guitar,98,9,4,0.013803680981595092
test,guitar,99,11,5,0.01687116564417178
test,guitar,100,5,3,0.007668711656441718
test,guitar,101,9,6,0.013803680981595092
test,guitar,102,9,6,0.013803680981595092
test,guitar,103,7,4,0.010736196319018405
test,guitar,104,8,5,0.012269938650306749
test,guitar,105,3,3,0.004601226993865031
test,guitar,106,3,2,0.004601226993865031
test,guitar,107,5,4,0.007668711656441718
test,guitar,108,6,4,0.009202453987730062
test,keyboard,21,7,4,0.009138381201044387
test,keyboard,22,7,4,0.009138381201044387
test,keyboard,23,6,4,0.007832898172323759
test,keyboard,24,3,2,0.0039164490861618795
test,keyboard,25,8,5,0.010443864229765013
test,keyboard,26,8,5,0.010443864229765013
test,keyboard,27,9,6,0.01174934725848564
test,keyboard,28,10,5,0.013054830287206266
test,keyboard,29,11,5,0.014360313315926894
test,keyboard,30,9,5,0.01174934725848564
test,keyboard,31,15,6,0.0195822454308094
test,keyboard,32,7,5,0.009138381201044387
test,keyboard,33,12,6,0.015665796344647518
test,keyboard,34,7,6,0.009138381201044387
test,keyboard,35,5,4,0.006527415143603133
test,keyboard,36,12,7,0.015665796344647518
test,keyboard,37,8,4,0.010443864229765013
test,keyboard,38,7,6,0.009138381201044387
test,keyboard,39,16,7,0.020887728459530026
test,keyboard,40,10,7,0.013054830287206266
test,keyboard,41,7,5,0.009138381201044387
test,keyboard,42,6,6,0.007832898172323759
test,keyboard,43,7,5,0.009138381201044387
test,keyboard,44,10,6,0.013054830287206266
test,keyboard,45,10,7,0.013054830287206266
test,keyboard,46,8,6,0.010443864229765013
test,keyboard,47,8,5,0.010443864229765013
test,keyboard,48,14,7,0.018276762402088774
test,keyboard,49,7,4,0.009138381201044387
test,keyboard,50,7,5,0.009138381201044387
test,keyboard,51,10,6,0.013054830287206266
test,keyboard,52,12,7,0.015665796344647518
test,keyboard,53,11,6,0.014360313315926894
test,keyboard,54,11,7,0.014360313315926894
test,keyboard,55,5,4,0.006527415143603133
test,keyboard,56,8,6,0.010443864229765013
test,keyboard,57,10,6,0.013054830287206266
test,keyboard,58,11,8,0.014360313315926894
test,keyboard,59,10,7,0.013054830287206266
test,keyboard,60,6,5,0.007832898172323759
test,keyboard,61,13,7,0.016971279373368148
test,keyboard,62,13,7,0.016971279373368148
test,keyboard,63,15,8,0.0195822454308094
test,keyboard,64,9,8,0.01174934725848564
test,keyboard,65,10,6,0.013054830287206266
test,keyboard,66,9,6,0.01174934725848564
test,keyboard,67,8,6,0.010443864229765013
test,keyboard,68,8,6,0.010443864229765013
test,keyboard,69,11,7,0.014360313315926894
test,keyboard,70,9,6,0.01174934725848564
test,keyboard,71,10,7,0.013054830287206266
test,keyboard,72,16,8,0.020887728459530026
test,keyboard,73,13,5,0.016971279373368148
test,keyboard,74,11,7,0.014360313315926894
test,keyboard,75,11,6,0.014360313315926894
test,keyboard,76,8,5,0.010443864229765013
test,keyboard,77,9,6,0.01174934725848564
test,keyboard,78,7,4,0.009138381201044387
test,keyboard,79,8,3,0.010443864229765013
test,keyboard,80,10,6,0.013054830287206266
test,keyboard,81,12,7,0.015665796344647518
test,keyboard,82,16,8,0.020887728459530026
test,keyboard,83,10,7,0.013054830287206266
test,keyboard,84,8,6,0.010443864229765013
test,keyboard,85,9,7,0.01174934725848564
test,keyboard,86,16,8,0.020887728459530026
test,keyboard,87,12,8,0.015665796344647518
test,keyboard,88,12,6,0.015665796344647518
test,keyboard,89,6,4,0.007832898172323759
test,keyboard,90,9,4,0.01174934725848564
test,keyboard,91,5,3,0.006527415143603133
test,keyboard,92,5,4,0.006527415143603133
test,keyboard,93,10,6,0.013054830287206266
test,keyboard,94,5,3,0.006527415143603133
test,keyboard,95,5,3,0.006527415143603133
test,keyboard,96,4,3,0.005221932114882507
test,keyboard,97,5,4,0.006527415143603133
test,keyboard,98,4,3,0.005221932114882507
test,keyboard,99,4,2,0.005221932114882507
test,keyboard,100,5,4,0.006527415143603133
test,keyboard,101,4,4,0.005221932114882507
test,keyboard,102,7,5,0.009138381201044387
test,keyboard,103,6,5,0.007832898172323759
test,keyboard,104,5,4,0.006527415143603133
test,keyboard,105,5,4,0.006527415143603133
test,keyboard,106,3,3,0.0039164490861618795
test,keyboard,107,5,4,0.006527415143603133
test,keyboard,108,6,4,0.007832898172323759
test,mallet,21,1,1,0.0049504950495049506
test,mallet,24,1,1,0.0049504950495049506
test,mallet,25,2,1,0.009900990099009901
test,mallet,26,2,1,0.009900990099009901
test,mallet,28,2,1,0.009900990099009901
test,mallet,29,1,1,0.0049504950495049506
test,mallet,32,1,1,0.0049504950495049506
test,mallet,33,2,2,0.009900990099009901
test,mallet,34,1,1,0.0049504950495049506
test,mallet,35,3,2,0.01485148514851485
test,mallet,36,2,2,0.009900990099009901
test,mallet,37,3,2,0.01485148514851485
test,mallet,39,1,1,0.0049504950495049506
test,mallet,40,2,1,0.009900990099009901
test,mallet,42,1,1,0.0049504950495049506
test,mallet,43,1,1,0.0049504950495049506
test,mallet,44,4,2,0.019801980198019802
test,mallet,45,4,2,0.019801980198019802
test,mallet,46,1,1,0.0049504950495049506
test,mallet,47,1,1,0.0049504950495049506
test,mallet,48,4,2,0.019801980198019802
test,mallet,49,4,2,0.019801980198019802
test,mallet,50,2,1,0.009900990099009901
test,mallet,52,2,1,0.009900990099009901
test,mallet,53,1,1,0.0049504950495049506
test,mallet,54,2,1,0.009900990099009901
test,mallet,55,3,1,0.01485148514851485
test,mallet,57,1,1,0.0049504950495049506
test,mallet,58,1,1,0.0049504950495049506
test,mallet,59,1,1,0.0049504950495049506
test,mallet,60,2,1,0.009900990099009901
test,mallet,61,1,1,0.0049504950495049506
test,mallet,63,2,2,0.009900990099009901
test,mallet,64,1,1,0.0049504950495049506
test,mallet,65,5,3,0.024752475247524754
test,mallet,66,6,2,0.0297029702970297
test,mallet,67,3,1,0.01485148514851485
test,mallet,68,2,1,0.009900990099009901
test,mallet,69,1,1,0.0049504950495049506
test,mallet,70,3,3,0.01485148514851485
test,mallet,71,2,2,0.009900990099009901
test,mallet,72,4,3,0.019801980198019802
test,mallet,73,4,2,0.019801980198019802
test,mallet,74,4,2,0.019801980198019802
test,mallet,75,2,1,0.009900990099009901
test,mallet,76,1,1,0.0049504950495049506
test,mallet,77,4,3,0.019801980198019802
test,mallet,78,4,2,0.019801980198019802
test,mallet,79,3,2,0.01485148514851485
test,mallet,80,3,2,0.01485148514851485
test,mallet,81,3,3,0.01485148514851485
test,mallet,82,3,2,0.01485148514851485
test,mallet,83,3,2,0.01485148514851485
test,mallet,84,6,3,0.0297029702970297
test,mallet,85,2,1,0.009900990099009901
test,mallet,86,5,2,0.024752475247524754
test,mallet,87,3,3,0.01485148514851485
test,mallet,88,2,2,0.009900990099009901
test,mallet,89,2,1,0.009900990099009901
test,mallet,90,5,3,0.024752475247524754
test,mallet,91,4,3,0.019801980198019802
test,mallet,92,2,1,0.009900990099009901
test,mallet,93,3,2,0.01485148514851485
test,mallet,94,1,1,0.0049504950495049506
test,mallet,95,3,2,0.01485148514851485
test,mallet,96,3,2,0.01485148514851485
test,mallet,97,1,1,0.0049504950495049506
test,mallet,98,2,1,0.009900990099009901
test,mallet,99,2,1,0.009900990099009901
test,mallet,100,2,2,0.009900990099009901
test,mallet,101,5,3,0.024752475247524754
test,mallet,102,3,2,0.01485148514851485
test,mallet,103,3,2,0.01485148514851485
test,mallet,104,2,2,0.009900990099009901
test,mallet,105,2,1,0.009900990099009901
test,mallet,106,3,2,0.01485148514851485
test,mallet,107,5,2,0.024752475247524754
test,mallet,108,2,2,0.009900990099009901
test,mallet,110,1,1,0.0049504950495049506
test,mallet,113,1,1,0.0049504950495049506
test,mallet,115,1,1,0.0049504950495049506
test,mallet,116,1,1,0.0049504950495049506
test,mallet,118,1,1,0.0049504950495049506
test,mallet,119,1,1,0.0049504950495049506
test,organ,9,2,1,0.00398406374501992
test,organ,10,3,1,0.00597609561752988
test,organ,11,2,1,0.00398406374501992
test,organ,12,1,1,0.00199203187250996
test,organ,13,1,1,0.00199203187250996
test,organ,16,2,1,0.00398406374501992
test,organ,18,1,1,0.00199203187250996
test,organ,19,2,1,0.00398406374501992
test,organ,20,1,1,0.00199203187250996
test,organ,21,1,1,0.00199203187250996
test,organ,22,1,1,0.00199203187250996
test,organ,23,5,2,0.0099601593625498
test,organ,24,8,4,0.01593625498007968
test,organ,25,7,5,0.013944223107569721
test,organ,26,5,3,0.0099601593625498
test,organ,27,3,2,0.00597609561752988
test,organ,28,2,2,0.00398406374501992
test,organ,29,5,4,0.0099601593625498
test,organ,30,6,5,0.01195219123505976
test,organ,31,5,4,0.0099601593625498
test,organ,32,9,4,0.017928286852589643
test,organ,33,6,4,0.01195219123505976
test,organ,34,7,5,0.013944223107569721
test,organ,35,7,5,0.013944223107569721
test,organ,36,8,5,0.01593625498007968
test,organ,37,9,5,0.017928286852589643
test,organ,38,4,3,0.00796812749003984
test,organ,39,5,4,0.0099601593625498
test,organ,40,9,4,0.017928286852589643
test,organ,41,7,5,0.013944223107569721
test,organ,42,5,4,0.0099601593625498
test,organ,43,8,5,0.01593625498007968
test,organ,44,7,4,0.013944223107569721
test,organ,45,9,6,0.017928286852589643
test,organ,46,5,4,0.0099601593625498
test,organ,47,5,4,0.0099601593625498
test,organ,48,8,5,0.01593625498007968
test,organ,49,5,4,0.0099601593625498
test,organ,50,8,6,0.01593625498007968
test,organ,51,6,5,0.01195219123505976
test,organ,52,9,5,0.017928286852589643
test,organ,53,8,5,0.01593625498007968
test,organ,54,4,4,0.00796812749003984
test,organ,55,8,5,0.01593625498007968
test,organ,56,10,4,0.0199203187250996
test,organ,57,6,4,0.01195219123505976
test,organ,58,9,6,0.017928286852589643
test,organ,59,7,5,0.013944223107569721
test,organ,60,11,6,0.021912350597609563
test,organ,61,6,4,0.01195219123505976
test,organ,62,6,3,0.01195219123505976
test,organ,63,6,5,0.01195219123505976
test,organ,64,11,6,0.021912350597609563
test,organ,65,10,6,0.0199203187250996
test,organ,66,4,3,0.00796812749003984
test,organ,67,8,5,0.01593625498007968
test,organ,68,8,5,0.01593625498007968
test,organ,69,7,5,0.013944223107569721
test,organ,70,10,5,0.0199203187250996
test,organ,71,6,4,0.01195219123505976
test,organ,72,9,4,0.017928286852589643
test,organ,73,11,6,0.021912350597609563
test,organ,74,9,6,0.017928286852589643
test,organ,75,4,3,0.00796812749003984
test,organ,76,8,5,0.01593625498007968
test,organ,77,7,4,0.013944223107569721
test,organ,78,6,5,0.01195219123505976
test,organ,79,5,3,0.0099601593625498
test,organ,80,8,4,0.01593625498007968
test,organ,81,6,4,0.01195219123505976
test,organ,82,8,4,0.01593625498007968
test,organ,83,6,3,0.01195219123505976
test,organ,84,8,3,0.01593625498007968
test,organ,85,4,2,0.00796812749003984
test,organ,87,3,3,0.00597609561752988
test,organ,88,4,2,0.00796812749003984
test,organ,89,5,3,0.0099601593625498
test,organ,90,5,3,0.0099601593625498
test,organ,91,4,3,0.00796812749003984
test,organ,92,4,3,0.00796812749003984
test,organ,93,3,3,0.00597609561752988
test,organ,94,2,2,0.00398406374501992
test,organ,95,5,3,0.0099601593625498
test,organ,96,3,2,0.00597609561752988
test,organ,99,1,1,0.00199203187250996
test,organ,101,2,1,0.00398406374501992
test,organ,102,2,1,0.00398406374501992
test,organ,103,1,1,0.00199203187250996
test,organ,104,2,1,0.00398406374501992
test,organ,106,1,1,0.00199203187250996
test,organ,107,1,1,0.00199203187250996
test,organ,108,1,1,0.00199203187250996
test,reed,31,4,2,0.01702127659574468
test,reed,32,3,2,0.01276595744680851
test,reed,33,5,2,0.02127659574468085
test,reed,34,1,1,0.00425531914893617
test,reed,35,4,3,0.01702127659574468
test,reed,36,4,3,0.01702127659574468
test,reed,37,3,2,0.01276595744680851
test,reed,38,4,2,0.01702127659574468
test,reed,39,7,3,0.029787234042553193
test,reed,40,3,2,0.01276595744680851
test,reed,41,1,1,0.00425531914893617
test,reed,42,4,3,0.01702127659574468
test,reed,43,4,3,0.01702127659574468
test,reed,44,4,3,0.01702127659574468
test,reed,45,2,1,0.00851063829787234
test,reed,46,3,2,0.01276595744680851
test,reed,47,2,2,0.00851063829787234
test,reed,48,2,2,0.00851063829787234
test,reed,49,4,3,0.01702127659574468
test,reed,50,5,3,0.02127659574468085
test,reed,51,1,1,0.00425531914893617
test,reed,52,5,4,0.02127659574468085
test,reed,53,3,3,0.01276595744680851
test,reed,54,5,2,0.02127659574468085
test,reed,55,6,4,0.02553191489361702
test,reed,56,3,2,0.01276595744680851
test,reed,57,8,3,0.03404255319148936
test,reed,58,5,3,0.02127659574468085
test,reed,59,2,2,0.00851063829787234
test,reed,60,8,4,0.03404255319148936
test,reed,61,4,3,0.01702127659574468
test,reed,62,8,4,0.03404255319148936
test,reed,63,2,2,0.00851063829787234
test,reed,64,4,2,0.01702127659574468
test,reed,65,6,3,0.02553191489361702
test,reed,66,4,3,0.01702127659574468
test,reed,67,5,4,0.02127659574468085
test,reed,68,5,3,0.02127659574468085
test,reed,69,7,4,0.029787234042553193
test,reed,70,4,3,0.01702127659574468
test,reed,71,5,4,0.02127659574468085
test,reed,72,6,4,0.02553191489361702
test,reed,73,7,4,0.029787234042553193
test,reed,74,7,4,0.029787234042553193
test,reed,75,6,3,0.02553191489361702
test,reed,76,3,2,0.01276595744680851
test,reed,77,4,3,0.01702127659574468
test,reed,78,2,2,0.00851063829787234
test,reed,79,2,2,0.00851063829787234
test,reed,80,1,1,0.00425531914893617
test,reed,81,2,2,0.00851063829787234
test,reed,82,2,1,0.00851063829787234
test,reed,83,3,2,0.01276595744680851
test,reed,84,3,2,0.01276595744680851
test,reed,85,2,2,0.00851063829787234
test,reed,86,3,1,0.01276595744680851
test,reed,88,2,1,0.00851063829787234
test,reed,89,1,1,0.00425531914893617
test,reed,90,2,1,0.00851063829787234
test,reed,91,1,1,0.00425531914893617
test,reed,92,2,1,0.00851063829787234
test,reed,93,1,1,0.00425531914893617
test,reed,95,2,1,0.00851063829787234
test,reed,97,2,1,0.00851063829787234
test,string,24,3,3,0.00980392156862745
test,string,25,6,4,0.0196078431372549
test,string,26,5,2,0.016339869281045753
test,string,27,5,4,0.016339869281045753
test,string,28,8,4,0.026143790849673203
test,string,29,7,4,0.02287581699346405
test,string,30,6,3,0.0196078431372549
test,string,31,4,2,0.013071895424836602
test,string,32,5,3,0.016339869281045753
test,string,33,5,3,0.016339869281045753
test,string,34,7,4,0.02287581699346405
test,string,35,7,4,0.02287581699346405
test,string,36,7,4,0.02287581699346405
test,string,37,8,4,0.026143790849673203
test,string,38,6,4,0.0196078431372549
test,string,39,8,5,0.026143790849673203
test,string,40,9,5,0.029411764705882353
test,string,41,11,5,0.03594771241830065
test,string,42,4,3,0.013071895424836602
test,string,43,6,4,0.0196078431372549
test,string,44,6,3,0.0196078431372549
test,string,45,6,4,0.0196078431372549
test,string,46,6,5,0.0196078431372549
test,string,47,10,5,0.032679738562091505
test,string,48,4,3,0.013071895424836602
test,string,49,6,4,0.0196078431372549
test,string,50,5,4,0.016339869281045753
test,string,51,5,5,0.016339869281045753
test,string,52,6,4,0.0196078431372549
test,string,53,6,5,0.0196078431372549
test,string,54,7,5,0.02287581699346405
test,string,55,7,5,0.02287581699346405
test,string,56,2,1,0.006535947712418301
test,string,57,1,1,0.0032679738562091504
test,string,58,5,3,0.016339869281045753
test,string,59,6,3,0.0196078431372549
test,string,60,5,3,0.016339869281045753
test,string,61,7,3,0.02287581699346405
test,string,62,5,3,0.016339869281045753
test,string,63,5,3,0.016339869281045753
test,string,64,6,3,0.0196078431372549
test,string,65,5,3,0.016339869281045753
test,string,67,3,2,0.00980392156862745
test,string,68,1,1,0.0032679738562091504
test,string,69,2,2,0.006535947712418301
test,string,70,2,1,0.006535947712418301
test,string,71,7,2,0.02287581699346405
test,string,72,3,2,0.00980392156862745
test,string,73,2,1,0.006535947712418301
test,string,74,3,2,0.00980392156862745
test,string,75,2,2,0.006535947712418301
test,string,76,1,1,0.0032679738562091504
test,string,77,3,1,0.00980392156862745
test,string,78,5,2,0.016339869281045753
test,string,79,4,2,0.013071895424836602
test,string,80,2,1,0.006535947712418301
test,string,81,1,1,0.0032679738562091504
test,string,82,1,1,0.0032679738562091504
test,string,83,1,1,0.0032679738562091504
test,string,84,1,1,0.0032679738562091504
test,string,85,1,1,0.0032679738562091504
test,string,86,1,1,0.0032679738562091504
test,string,87,2,1,0.006535947712418301
test,string,88,1,1,0.0032679738562091504
test,string,89,1,1,0.0032679738562091504
test,string,90,2,1,0.006535947712418301
test,string,92,2,1,0.006535947712418301
test,string,93,1,1,0.0032679738562091504
test,string,95,1,1,0.0032679738562091504
test,string,96,2,1,0.006535947712418301
test,vocal,22,2,1,0.014184397163120567
test,vocal,23,1,1,0.0070921985815602835
test,vocal,24,1,1,0.0070921985815602835
test,vocal,27,3,1,0.02127659574468085
test,vocal,28,2,1,0.014184397163120567
test,vocal,29,1,1,0.0070921985815602835
test,vocal,30,1,1,0.0070921985815602835
test,vocal,32,1,1,0.0070921985815602835
test,vocal,33,2,1,0.014184397163120567
test,vocal,34,1,1,0.0070921985815602835
test,vocal,35,1,1,0.0070921985815602835
test,vocal,36,3,1,0.02127659574468085
test,vocal,39,1,1,0.0070921985815602835
test,vocal,40,1,1,0.0070921985815602835
test,vocal,41,2,1,0.014184397163120567
test,vocal,42,2,1,0.014184397163120567
test,vocal,44,1,1,0.0070921985815602835
test,vocal,45,2,1,0.014184397163120567
test,vocal,47,1,1,0.0070921985815602835
test,vocal,48,1,1,0.0070921985815602835
test,vocal,50,6,2,0.0425531914893617
test,vocal,51,2,2,0.014184397163120567
test,vocal,52,1,1,0.0070921985815602835
test,vocal,53,1,1,0.0070921985815602835
test,vocal,54,2,2,0.014184397163120567
test,vocal,55,3,2,0.02127659574468085
test,vocal,56,4,2,0.028368794326241134
test,vocal,57,4,2,0.028368794326241134
test,vocal,58,2,2,0.014184397163120567
test,vocal,59,2,1,0.014184397163120567
test,vocal,60,3,2,0.02127659574468085
test,vocal,62,1,1,0.0070921985815602835
test,vocal,63,3,1,0.02127659574468085
test,vocal,64,5,2,0.03546099290780142
test,vocal,65,4,2,0.028368794326241134
test,vocal,66,2,2,0.014184397163120567
test,vocal,67,2,2,0.014184397163120567
test,vocal,68,2,1,0.014184397163120567
test,vocal,69,1,1,0.0070921985815602835
test,vocal,70,3,2,0.02127659574468085
test,vocal,71,1,1,0.0070921985815602835
test,vocal,72,1,1,0.0070921985815602835
test,vocal,73,1,1,0.0070921985815602835
test,vocal,74,2,1,0.014184397163120567
test,vocal,75,1,1,0.0070921985815602835
test,vocal,76,1,1,0.0070921985815602835
test,vocal,77,1,1,0.0070921985815602835
test,vocal,78,2,1,0.014184397163120567
test,vocal,79,2,1,0.014184397163120567
test,vocal,80,2,1,0.014184397163120567
test,vocal,81,1,1,0.0070921985815602835
test,vocal,82,2,1,0.014184397163120567
test,vocal,83,1,1,0.0070921985815602835
test,vocal,84,1,1,0.0070921985815602835
test,vocal,85,3,1,0.02127659574468085
test,vocal,86,1,1,0.0070921985815602835
test,vocal,87,1,1,0.0070921985815602835
test,vocal,88,1,1,0.0070921985815602835
test,vocal,90,2,1,0.014184397163120567
test,vocal,91,2,1,0.014184397163120567
test,vocal,92,2,1,0.014184397163120567
test,vocal,93,1,1,0.0070921985815602835
test,vocal,94,2,1,0.014184397163120567
test,vocal,95,3,1,0.02127659574468085
test,vocal,96,3,1,0.02127659574468085
test,vocal,97,2,1,0.014184397163120567
test,vocal,99,1,1,0.0070921985815602835
test,vocal,100,2,1,0.014184397163120567
test,vocal,101,1,1,0.0070921985815602835
test,vocal,103,1,1,0.0070921985815602835
test,vocal,104,4,1,0.028368794326241134
test,vocal,105,3,1,0.02127659574468085
test,vocal,107,1,1,0.0070921985815602835
test,vocal,108,3,1,0.02127659574468085
train,bass,9,82,18,0.0012524055350215352
train,bass,10,82,18,0.0012524055350215352
train,bass,11,82,18,0.0012524055350215352
train,bass,12,82,18,0.0012524055350215352
train,bass,13,82,18,0.0012524055350215352
train,bass,14,82,18,0.0012524055350215352
train,bass,15,82,18,0.0012524055350215352
train,bass,16,87,19,0.001328771726181385
train,bass,17,87,19,0.001328771726181385
train,bass,18,82,18,0.0012524055350215352
train,bass,19,87,19,0.001328771726181385
train,bass,20,82,18,0.0012524055350215352
train,bass,21,659,145,0.010065063994868192
train,bass,22,805,175,0.012294956776735803
train,bass,23,840,182,0.012829520114854751
train,bass,24,846,183,0.012921159544246571
train,bass,25,846,183,0.012921159544246571
train,bass,26,845,183,0.012905886306014601
train,bass,27,847,183,0.012936432782478541
train,bass,28,845,183,0.012905886306014601
train,bass,29,845,183,0.012905886306014601
train,bass,30,845,183,0.012905886306014601
train,bass,31,844,183,0.01289061306778263
train,bass,32,845,183,0.012905886306014601
train,bass,33,847,183,0.012936432782478541
train,bass,34,846,183,0.012921159544246571
train,bass,35,844,183,0.01289061306778263
train,bass,36,845,183,0.012905886306014601
train,bass,37,845,183,0.012905886306014601
train,bass,38,844,183,0.01289061306778263
train,bass,39,847,183,0.012936432782478541
train,bass,40,847,183,0.012936432782478541
train,bass,41,845,183,0.012905886306014601
train,bass,42,845,183,0.012905886306014601
train,bass,43,845,183,0.012905886306014601
train,bass,44,846,183,0.012921159544246571
train,bass,45,846,183,0.012921159544246571
train,bass,46,846,183,0.012921159544246571
train,bass,47,845,183,0.012905886306014601
train,bass,48,843,182,0.012875339829550662
train,bass,49,846,183,0.012921159544246571
train,bass,50,845,183,0.012905886306014601
train,bass,51,846,183,0.012921159544246571
train,bass,52,851,184,0.012997525735406421
train,bass,53,850,184,0.01298225249717445
train,bass,54,850,184,0.01298225249717445
train,bass,55,848,183,0.012951706020710512
train,bass,56,849,184,0.01296697925894248
train,bass,57,849,184,0.01296697925894248
train,bass,58,849,184,0.01296697925894248
train,bass,59,851,184,0.012997525735406421
train,bass,60,851,184,0.012997525735406421
train,bass,61,851,184,0.012997525735406421
train,bass,62,853,184,0.013028072211870361
train,bass,63,852,184,0.013012798973638391
train,bass,64,716,158,0.01093563857409048
train,bass,65,683,150,0.01043162171243547
train,bass,66,681,149,0.010401075235971531
train,bass,67,684,150,0.01044689495066744
train,bass,68,667,147,0.010187249900723951
train,bass,69,666,146,0.010171976662491982
train,bass,70,669,147,0.010217796377187892
train,bass,71,664,146,0.010141430186028042
train,bass,72,664,146,0.010141430186028042
train,bass,73,661,145,0.010095610471332133
train,bass,74,663,145,0.010126156947796072
train,bass,75,661,145,0.010095610471332133
train,bass,76,659,144,0.010065063994868192
train,bass,77,659,144,0.010065063994868192
train,bass,78,653,143,0.009973424565476372
train,bass,79,653,143,0.009973424565476372
train,bass,80,653,143,0.009973424565476372
train,bass,81,651,143,0.009942878089012432
train,bass,82,652,143,0.009958151327244402
train,bass,83,651,143,0.009942878089012432
train,bass,84,653,143,0.009973424565476372
train,bass,85,649,142,0.009912331612548493
train,bass,86,643,141,0.009820692183156673
train,bass,87,641,141,0.009790145706692732
train,bass,88,642,141,0.009805418944924702
train,bass,89,642,141,0.009805418944924702
train,bass,90,642,141,0.009805418944924702
train,bass,91,643,141,0.009820692183156673
train,bass,92,641,141,0.009790145706692732
train,bass,93,643,141,0.009820692183156673
train,bass,94,641,141,0.009790145706692732
train,bass,95,642,141,0.009805418944924702
train,bass,96,636,140,0.009713779515532883
train,bass,97,556,122,0.008491920456975287
train,bass,98,554,122,0.008461373980511349
train,bass,99,555,122,0.008476647218743317
train,bass,100,553,121,0.008446100742279378
train,bass,101,555,122,0.008476647218743317
train,bass,102,553,122,0.008446100742279378
train,bass,103,554,122,0.008461373980511349
train,bass,104,548,121,0.008369734551119529
train,bass,105,551,121,0.008415554265815438
train,bass,106,552,121,0.008430827504047408
train,bass,107,545,121,0.008323914836423618
train,bass,108,547,120,0.008354461312887558
train,bass,109,5,1,7.636619115984972e-05
train,brass,21,5,1,0.0003944773175542406
train,brass,22,20,4,0.0015779092702169625
train,brass,23,20,4,0.0015779092702169625
train,brass,24,65,13,0.005128205128205128
train,brass,25,65,13,0.005128205128205128
train,brass,26,65,13,0.005128205128205128
train,brass,27,65,13,0.005128205128205128
train,brass,28,65,13,0.005128205128205128
train,brass,29,65,13,0.005128205128205128
train,brass,30,65,13,0.005128205128205128
train,brass,31,110,22,0.008678500986193294
train,brass,32,110,22,0.008678500986193294
train,brass,33,110,22,0.008678500986193294
train,brass,34,115,23,0.009072978303747535
train,brass,35,120,24,0.009467455621301775
train,brass,36,130,26,0.010256410256410256
train,brass,37,130,26,0.010256410256410256
train,brass,38,130,26,0.010256410256410256
train,brass,39,130,26,0.010256410256410256
train,brass,40,150,30,0.011834319526627219
train,brass,41,185,37,0.014595660749506903
train,brass,42,185,37,0.014595660749506903
train,brass,43,186,38,0.014674556213017751
train,brass,44,191,39,0.015069033530571992
train,brass,45,191,39,0.015069033530571992
train,brass,46,191,39,0.015069033530571992
train,brass,47,191,39,0.015069033530571992
train,brass,48,196,40,0.015463510848126232
train,brass,49,196,40,0.015463510848126232
train,brass,50,196,40,0.015463510848126232
train,brass,51,196,40,0.015463510848126232
train,brass,52,306,62,0.024142011834319528
train,brass,53,306,62,0.024142011834319528
train,brass,54,311,63,0.02453648915187377
train,brass,55,312,64,0.024615384615384615
train,brass,56,312,64,0.024615384615384615
train,brass,57,312,64,0.024615384615384615
train,brass,58,312,64,0.024615384615384615
train,brass,59,312,64,0.024615384615384615
train,brass,60,312,64,0.024615384615384615
train,brass,61,312,64,0.024615384615384615
train,brass,62,312,64,0.024615384615384615
train,brass,63,312,64,0.024615384615384615
train,brass,64,312,64,0.024615384615384615
train,brass,65,272,56,0.02145956607495069
train,brass,66,257,53,0.02027613412228797
train,brass,67,257,53,0.02027613412228797
train,brass,68,252,52,0.01988165680473373
train,brass,69,252,52,0.01988165680473373
train,brass,70,252,52,0.01988165680473373
train,brass,71,247,51,0.019487179487179488
train,brass,72,247,51,0.019487179487179488
train,brass,73,232,48,0.018303747534516766
train,brass,74,232,48,0.018303747534516766
train,brass,75,227,47,0.017909270216962526
train,brass,76,227,47,0.017909270216962526
train,brass,77,202,42,0.015936883629191323
train,brass,78,156,32,0.012307692307692308
train,brass,79,156,32,0.012307692307692308
train,brass,80,151,31,0.011913214990138067
train,brass,81,151,31,0.011913214990138067
train,brass,82,151,31,0.011913214990138067
train,brass,83,151,31,0.011913214990138067
train,brass,84,141,29,0.011124260355029586
train,brass,85,121,25,0.009546351084812624
train,brass,86,121,25,0.009546351084812624
train,brass,87,116,24,0.009151873767258383
train,brass,88,106,22,0.008362919132149902
train,brass,89,46,10,0.003629191321499014
train,brass,90,10,2,0.0007889546351084812
train,brass,91,10,2,0.0007889546351084812
train,brass,92,10,2,0.0007889546351084812
train,brass,93,10,2,0.0007889546351084812
train,brass,94,10,2,0.0007889546351084812
train,brass,95,10,2,0.0007889546351084812
train,brass,96,10,2,0.0007889546351084812
train,flute,21,32,8,0.0036475549982902086
train,flute,22,33,9,0.0037615410919867778
train,flute,23,36,9,0.004103499373076485
train,flute,24,38,10,0.004331471560469623
train,flute,25,40,10,0.004559443747862761
train,flute,26,37,9,0.004217485466773053
train,flute,27,41,10,0.00467342984155933
train,flute,28,42,10,0.0047874159352558985
train,flute,29,39,10,0.004445457654166192
train,flute,30,40,10,0.004559443747862761
train,flute,31,41,10,0.00467342984155933
train,flute,32,40,10,0.004559443747862761
train,flute,33,38,10,0.004331471560469623
train,flute,34,39,10,0.004445457654166192
train,flute,35,39,10,0.004445457654166192
train,flute,36,38,10,0.004331471560469623
train,flute,37,37,9,0.004217485466773053
train,flute,38,39,10,0.004445457654166192
train,flute,39,38,10,0.004331471560469623
train,flute,40,39,10,0.004445457654166192
train,flute,41,39,10,0.004445457654166192
train,flute,42,39,10,0.004445457654166192
train,flute,43,46,11,0.005243360310042175
train,flute,44,43,11,0.004901402028952468
train,flute,45,43,11,0.004901402028952468
train,flute,46,46,11,0.005243360310042175
train,flute,47,46,11,0.005243360310042175
train,flute,48,74,17,0.008434970933546107
train,flute,49,72,18,0.00820699874615297
train,flute,50,74,18,0.008434970933546107
train,flute,51,73,18,0.008320984839849539
train,flute,52,74,18,0.008434970933546107
train,flute,53,78,18,0.008890915308332383
train,flute,54,77,18,0.008776929214635814
train,flute,55,113,28,0.012880428587712298
train,flute,56,118,28,0.013450359056195144
train,flute,57,113,28,0.012880428587712298
train,flute,58,114,28,0.012994414681408868
train,flute,59,116,29,0.013222386868802007
train,flute,60,125,30,0.014248261712071128
train,flute,61,121,30,0.013792317337284851
train,flute,62,121,29,0.013792317337284851
train,flute,63,127,31,0.014476233899464265
train,flute,64,122,30,0.01390630343098142
train,flute,65,132,32,0.015046164367947111
train,flute,66,123,31,0.014020289524677989
train,flute,67,160,38,0.018237774991451045
train,flute,68,158,38,0.018009802804057905
train,flute,69,166,39,0.01892169155363046
train,flute,70,171,40,0.0194916220221133
train,flute,71,153,38,0.01743987233557506
train,flute,72,172,42,0.019605608115809872
train,flute,73,162,39,0.01846574717884418
train,flute,74,165,41,0.018807705459933887
train,flute,75,157,39,0.017895816710361338
train,flute,76,168,40,0.019149663741023594
train,flute,77,177,42,0.020175538584292715
train,flute,78,163,40,0.01857973327254075
train,flute,79,167,41,0.019035677647327026
train,flute,80,152,37,0.01732588624187849
train,flute,81,169,41,0.019263649834720165
train,flute,82,170,41,0.019377635928416733
train,flute,83,157,39,0.017895816710361338
train,flute,84,163,41,0.01857973327254075
train,flute,85,147,37,0.016755955773395646
train,flute,86,163,39,0.01857973327254075
train,flute,87,152,36,0.01732588624187849
train,flute,88,157,38,0.017895816710361338
train,flute,89,146,36,0.016641969679699078
train,flute,90,149,35,0.016983927960788785
train,flute,91,139,35,0.015844067023823093
train,flute,92,139,34,0.015844067023823093
train,flute,93,141,32,0.016072039211216232
train,flute,94,139,33,0.015844067023823093
train,flute,95,141,33,0.016072039211216232
train,flute,96,140,33,0.015958053117519664
train,flute,97,112,27,0.01276644249401573
train,flute,98,116,26,0.013222386868802007
train,flute,99,118,27,0.013450359056195144
train,flute,100,113,26,0.012880428587712298
train,flute,101,77,18,0.008776929214635814
train,flute,102,74,17,0.008434970933546107
train,flute,103,72,17,0.00820699874615297
train,flute,104,72,17,0.00820699874615297
train,flute,105,70,16,0.007979026558759832
train,flute,106,70,16,0.007979026558759832
train,flute,107,72,16,0.00820699874615297
train,flute,108,69,16,0.007865040465063262
train,guitar,9,15,3,0.0004588559192413582
train,guitar,10,15,3,0.0004588559192413582
train,guitar,11,15,3,0.0004588559192413582
train,guitar,12,15,3,0.0004588559192413582
train,guitar,13,15,3,0.0004588559192413582
train,guitar,14,15,3,0.0004588559192413582
train,guitar,15,15,3,0.0004588559192413582
train,guitar,16,15,3,0.0004588559192413582
train,guitar,17,15,3,0.0004588559192413582
train,guitar,18,15,3,0.0004588559192413582
train,guitar,19,15,3,0.0004588559192413582
train,guitar,20,15,3,0.0004588559192413582
train,guitar,21,303,62,0.009268889568675436
train,guitar,22,303,62,0.009268889568675436
train,guitar,23,303,62,0.009268889568675436
train,guitar,24,303,62,0.009268889568675436
train,guitar,25,305,62,0.009330070357907618
train,guitar,26,303,62,0.009268889568675436
train,guitar,27,304,62,0.009299479963291526
train,guitar,28,304,62,0.009299479963291526
train,guitar,29,304,62,0.009299479963291526
train,guitar,30,303,62,0.009268889568675436
train,guitar,31,308,63,0.009421841541755889
train,guitar,32,309,63,0.009452431936371979
train,guitar,33,313,65,0.009574793514836342
train,guitar,34,320,66,0.009788926277148976
train,guitar,35,324,67,0.009911287855613337
train,guitar,36,388,80,0.011869073111043132
train,guitar,37,400,82,0.012236157846436219
train,guitar,38,396,81,0.012113796267971856
train,guitar,39,404,83,0.012358519424900582
train,guitar,40,403,83,0.01232792903028449
train,guitar,41,407,83,0.012450290608748853
train,guitar,42,419,86,0.01281737534414194
train,guitar,43,400,82,0.012236157846436219
train,guitar,44,418,86,0.01278678494952585
train,guitar,45,401,82,0.01226674824105231
train,guitar,46,417,86,0.012756194554909759
train,guitar,47,405,83,0.012389109819516672
train,guitar,48,425,87,0.013000917711838483
train,guitar,49,423,87,0.012939736922606302
train,guitar,50,423,87,0.012939736922606302
train,guitar,51,422,87,0.01290914652799021
train,guitar,52,422,87,0.01290914652799021
train,guitar,53,421,86,0.01287855613337412
train,guitar,54,423,87,0.012939736922606302
train,guitar,55,430,88,0.013153869684918936
train,guitar,56,428,88,0.013092688895686754
train,guitar,57,430,88,0.013153869684918936
train,guitar,58,427,87,0.013062098501070664
train,guitar,59,429,88,0.013123279290302844
train,guitar,60,431,89,0.013184460079535026
train,guitar,61,429,88,0.013123279290302844
train,guitar,62,425,89,0.013000917711838483
train,guitar,63,434,90,0.013276231263383297
train,guitar,64,431,90,0.013184460079535026
train,guitar,65,436,90,0.01333741205261548
train,guitar,66,433,90,0.013245640868767207
train,guitar,67,435,90,0.013306821657999388
train,guitar,68,430,90,0.013153869684918936
train,guitar,69,434,90,0.013276231263383297
train,guitar,70,436,90,0.01333741205261548
train,guitar,71,436,90,0.01333741205261548
train,guitar,72,432,90,0.013215050474151117
train,guitar,73,415,87,0.012695013765677577
train,guitar,74,418,87,0.01278678494952585
train,guitar,75,416,87,0.012725604160293667
train,guitar,76,416,86,0.012725604160293667
train,guitar,77,410,86,0.012542061792597125
train,guitar,78,413,85,0.012633832976445396
train,guitar,79,416,86,0.012725604160293667
train,guitar,80,402,84,0.0122973386356684
train,guitar,81,405,84,0.012389109819516672
train,guitar,82,401,83,0.01226674824105231
train,guitar,83,402,83,0.0122973386356684
train,guitar,84,404,84,0.012358519424900582
train,guitar,85,398,82,0.012174977057204038
train,guitar,86,371,78,0.011349036402569594
train,guitar,87,320,67,0.009788926277148976
train,guitar,88,317,66,0.009697155093300703
train,guitar,89,315,66,0.009635974304068522
train,guitar,90,314,66,0.009605383909452432
train,guitar,91,316,66,0.009666564698684613
train,guitar,92,317,66,0.009697155093300703
train,guitar,93,316,66,0.009666564698684613
train,guitar,94,319,66,0.009758335882532885
train,guitar,95,314,65,0.009605383909452432
train,guitar,96,317,66,0.009697155093300703
train,guitar,97,292,61,0.00893239522789844
train,guitar,98,284,59,0.008687672070969715
train,guitar,99,285,59,0.008718262465585805
train,guitar,100,283,59,0.008657081676353625
train,guitar,101,282,59,0.008626491281737534
train,guitar,102,285,59,0.008718262465585805
train,guitar,103,285,59,0.008718262465585805
train,guitar,104,284,59,0.008687672070969715
train,guitar,105,281,59,0.008595900887121444
train,guitar,106,284,59,0.008687672070969715
train,guitar,107,284,59,0.008687672070969715
train,guitar,108,284,59,0.008687672070969715
train,guitar,109,4,2,0.0001223615784643622
train,guitar,110,5,2,0.00015295197308045274
train,guitar,111,4,2,0.0001223615784643622
train,guitar,112,3,2,9.177118384827165e-05
train,guitar,113,3,2,9.177118384827165e-05
train,guitar,114,6,2,0.0001835423676965433
train,guitar,115,6,2,0.0001835423676965433
train,guitar,116,4,2,0.0001223615784643622
train,guitar,117,6,2,0.0001835423676965433
train,guitar,118,3,2,9.177118384827165e-05
train,guitar,119,3,2,9.177118384827165e-05
train,guitar,120,6,2,0.0001835423676965433
train,keyboard,9,10,2,0.0001929719611740414
train,keyboard,10,10,2,0.0001929719611740414
train,keyboard,11,10,2,0.0001929719611740414
train,keyboard,12,10,2,0.0001929719611740414
train,keyboard,13,10,2,0.0001929719611740414
train,keyboard,14,10,2,0.0001929719611740414
train,keyboard,15,10,2,0.0001929719611740414
train,keyboard,16,10,2,0.0001929719611740414
train,keyboard,17,10,2,0.0001929719611740414
train,keyboard,18,10,2,0.0001929719611740414
train,keyboard,19,10,2,0.0001929719611740414
train,keyboard,20,10,2,0.0001929719611740414
train,keyboard,21,405,85,0.007815364427548677
train,keyboard,22,404,85,0.007796067231431273
train,keyboard,23,445,93,0.008587252272244843
train,keyboard,24,472,99,0.009108276567414754
train,keyboard,25,473,99,0.00912757376353216
train,keyboard,26,474,99,0.009146870959649563
train,keyboard,27,474,99,0.009146870959649563
train,keyboard,28,513,107,0.009899461608228324
train,keyboard,29,527,110,0.010169622353871982
train,keyboard,30,559,116,0.010787132629628915
train,keyboard,31,556,116,0.010729241041276703
train,keyboard,32,558,116,0.010767835433511511
train,keyboard,33,578,120,0.011153779355859594
train,keyboard,34,575,119,0.011095887767507381
train,keyboard,35,579,120,0.011173076551976998
train,keyboard,36,635,131,0.01225371953455163
train,keyboard,37,635,131,0.01225371953455163
train,keyboard,38,638,132,0.012311611122903842
train,keyboard,39,638,132,0.012311611122903842
train,keyboard,40,637,132,0.012292313926786438
train,keyboard,41,639,132,0.012330908319021247
train,keyboard,42,637,132,0.012292313926786438
train,keyboard,43,636,132,0.012273016730669033
train,keyboard,44,637,132,0.012292313926786438
train,keyboard,45,637,132,0.012292313926786438
train,keyboard,46,637,132,0.012292313926786438
train,keyboard,47,635,131,0.01225371953455163
train,keyboard,48,656,137,0.012658960653017116
train,keyboard,49,654,137,0.012620366260782308
train,keyboard,50,653,137,0.012601069064664905
train,keyboard,51,660,137,0.012736149437486733
train,keyboard,52,654,137,0.012620366260782308
train,keyboard,53,654,137,0.012620366260782308
train,keyboard,54,656,137,0.012658960653017116
train,keyboard,55,658,137,0.012697555045251925
train,keyboard,56,653,136,0.012601069064664905
train,keyboard,57,652,137,0.0125817718685475
train,keyboard,58,650,136,0.012543177476312692
train,keyboard,59,651,136,0.012562474672430097
train,keyboard,60,659,138,0.01271685224136933
train,keyboard,61,658,138,0.012697555045251925
train,keyboard,62,661,138,0.012755446633604138
train,keyboard,63,658,138,0.012697555045251925
train,keyboard,64,654,136,0.012620366260782308
train,keyboard,65,657,138,0.012678257849134521
train,keyboard,66,651,137,0.012562474672430097
train,keyboard,67,657,138,0.012678257849134521
train,keyboard,68,656,138,0.012658960653017116
train,keyboard,69,653,138,0.012601069064664905
train,keyboard,70,658,138,0.012697555045251925
train,keyboard,71,660,138,0.012736149437486733
train,keyboard,72,663,138,0.012794041025838946
train,keyboard,73,653,138,0.012601069064664905
train,keyboard,74,656,138,0.012658960653017116
train,keyboard,75,656,138,0.012658960653017116
train,keyboard,76,652,137,0.0125817718685475
train,keyboard,77,660,138,0.012736149437486733
train,keyboard,78,653,137,0.012601069064664905
train,keyboard,79,652,137,0.0125817718685475
train,keyboard,80,657,138,0.012678257849134521
train,keyboard,81,658,138,0.012697555045251925
train,keyboard,82,656,138,0.012658960653017116
train,keyboard,83,654,138,0.012620366260782308
train,keyboard,84,658,138,0.012697555045251925
train,keyboard,85,646,136,0.012465988691843075
train,keyboard,86,645,136,0.012446691495725672
train,keyboard,87,625,132,0.012060747573377589
train,keyboard,88,632,132,0.012195827946199417
train,keyboard,89,611,129,0.01179058682773393
train,keyboard,90,582,122,0.011230968140329211
train,keyboard,91,580,122,0.011192373748094403
train,keyboard,92,586,122,0.011308156924798828
train,keyboard,93,580,122,0.011192373748094403
train,keyboard,94,580,122,0.011192373748094403
train,keyboard,95,574,122,0.011076590571389978
train,keyboard,96,576,122,0.011115184963624786
train,keyboard,97,465,100,0.008973196194592926
train,keyboard,98,470,100,0.009069682175179946
train,keyboard,99,439,93,0.008471469095540418
train,keyboard,100,436,93,0.008413577507188205
train,keyboard,101,396,85,0.00764168966249204
train,keyboard,102,395,84,0.0076223924663746355
train,keyboard,103,398,85,0.007680284054726848
train,keyboard,104,395,85,0.0076223924663746355
train,keyboard,105,392,83,0.007564500878022423
train,keyboard,106,396,85,0.00764168966249204
train,keyboard,107,396,85,0.00764168966249204
train,keyboard,108,397,85,0.007660986858609444
train,keyboard,109,8,2,0.00015437756893923313
train,keyboard,110,7,2,0.00013508037282182898
train,mallet,9,10,2,0.00029238911142949036
train,mallet,10,10,2,0.00029238911142949036
train,mallet,11,10,2,0.00029238911142949036
train,mallet,12,10,2,0.00029238911142949036
train,mallet,13,10,2,0.00029238911142949036
train,mallet,14,10,2,0.00029238911142949036
train,mallet,15,10,2,0.00029238911142949036
train,mallet,16,10,2,0.00029238911142949036
train,mallet,17,10,2,0.00029238911142949036
train,mallet,18,10,2,0.00029238911142949036
train,mallet,19,10,2,0.00029238911142949036
train,mallet,20,10,2,0.00029238911142949036
train,mallet,21,316,64,0.009239495921171896
train,mallet,22,317,65,0.009268734832314844
train,mallet,23,316,64,0.009239495921171896
train,mallet,24,316,64,0.009239495921171896
train,mallet,25,317,65,0.009268734832314844
train,mallet,26,321,65,0.00938569047688664
train,mallet,27,316,64,0.009239495921171896
train,mallet,28,321,65,0.00938569047688664
train,mallet,29,317,65,0.009268734832314844
train,mallet,30,316,64,0.009239495921171896
train,mallet,31,319,66,0.009327212654600743
train,mallet,32,323,67,0.009444168299172538
train,mallet,33,339,70,0.009911990877459724
train,mallet,34,328,68,0.009590362854887284
train,mallet,35,335,69,0.009795035232887927
train,mallet,36,354,74,0.010350574544603959
train,mallet,37,357,74,0.010438291278032806
train,mallet,38,360,74,0.010526008011461653
train,mallet,39,354,73,0.010350574544603959
train,mallet,40,357,75,0.010438291278032806
train,mallet,41,356,73,0.010409052366889857
train,mallet,42,358,73,0.010467530189175756
train,mallet,43,362,74,0.010584485833747551
train,mallet,44,360,74,0.010526008011461653
train,mallet,45,375,78,0.01096459167860589
train,mallet,46,371,77,0.010847636034034092
train,mallet,47,378,78,0.011052308412034736
train,mallet,48,411,85,0.012017192479752054
train,mallet,49,396,82,0.011578608812607818
train,mallet,50,411,85,0.012017192479752054
train,mallet,51,396,82,0.011578608812607818
train,mallet,52,411,84,0.012017192479752054
train,mallet,53,422,87,0.012338820502324493
train,mallet,54,405,84,0.01184175901289436
train,mallet,55,426,88,0.01245577614689629
train,mallet,56,410,85,0.011987953568609105
train,mallet,57,423,88,0.012368059413467443
train,mallet,58,410,85,0.011987953568609105
train,mallet,59,427,88,0.012485015058039239
train,mallet,60,431,89,0.012601970702611034
train,mallet,61,413,86,0.012075670302037952
train,mallet,62,426,88,0.01245577614689629
train,mallet,63,414,86,0.0121049092131809
train,mallet,64,435,90,0.012718926347182831
train,mallet,65,441,92,0.012894359814040525
train,mallet,66,427,89,0.012485015058039239
train,mallet,67,443,92,0.012952837636326424
train,mallet,68,427,89,0.012485015058039239
train,mallet,69,441,92,0.012894359814040525
train,mallet,70,427,89,0.012485015058039239
train,mallet,71,442,92,0.012923598725183474
train,mallet,72,443,92,0.012952837636326424
train,mallet,73,412,86,0.012046431390895004
train,mallet,74,433,90,0.012660448524896933
train,mallet,75,422,88,0.012338820502324493
train,mallet,76,436,91,0.01274816525832578
train,mallet,77,433,91,0.012660448524896933
train,mallet,78,416,88,0.012163387035466799
train,mallet,79,437,92,0.012777404169468728
train,mallet,80,421,91,0.012309581591181545
train,mallet,81,441,94,0.012894359814040525
train,mallet,82,425,91,0.01242653723575334
train,mallet,83,439,93,0.012835881991754627
train,mallet,84,437,93,0.012777404169468728
train,mallet,85,417,89,0.012192625946609748
train,mallet,86,435,92,0.012718926347182831
train,mallet,87,410,88,0.011987953568609105
train,mallet,88,430,91,0.012572731791468086
train,mallet,89,424,91,0.012397298324610392
train,mallet,90,393,85,0.011490892079178971
train,mallet,91,412,89,0.012046431390895004
train,mallet,92,395,85,0.01154936990146487
train,mallet,93,392,85,0.011461653168036023
train,mallet,94,390,84,0.011403175345750124
train,mallet,95,397,85,0.011607847723750767
train,mallet,96,388,82,0.011344697523464226
train,mallet,97,356,77,0.010409052366889857
train,mallet,98,360,77,0.010526008011461653
train,mallet,99,350,77,0.010233618900032163
train,mallet,100,355,77,0.010379813455746909
train,mallet,101,350,75,0.010233618900032163
train,mallet,102,337,73,0.009853513055173825
train,mallet,103,345,74,0.010087424344317418
train,mallet,104,341,74,0.009970468699745622
train,mallet,105,347,75,0.010145902166603316
train,mallet,106,344,75,0.01005818543317447
train,mallet,107,347,75,0.010145902166603316
train,mallet,108,343,74,0.010028946522031519
train,mallet,109,19,6,0.0005555393117160316
train,mallet,110,12,5,0.00035086693371538845
train,mallet,111,16,5,0.0004678225782871846
train,mallet,112,13,5,0.00038010584485833747
train,mallet,113,12,4,0.00035086693371538845
train,mallet,114,14,4,0.0004093447560012865
train,mallet,115,12,4,0.00035086693371538845
train,mallet,116,10,4,0.00029238911142949036
train,mallet,117,13,4,0.00038010584485833747
train,mallet,118,12,4,0.00035086693371538845
train,mallet,119,12,4,0.00035086693371538845
train,mallet,120,9,3,0.00026315020028654134
train,organ,9,5,1,0.00014502421904458043
train,organ,10,5,1,0.00014502421904458043
train,organ,11,5,1,0.00014502421904458043
train,organ,12,5,1,0.00014502421904458043
train,organ,13,5,1,0.00014502421904458043
train,organ,14,5,1,0.00014502421904458043
train,organ,15,5,1,0.00014502421904458043
train,organ,16,5,1,0.00014502421904458043
train,organ,17,5,1,0.00014502421904458043
train,organ,18,5,1,0.00014502421904458043
train,organ,19,5,1,0.00014502421904458043
train,organ,20,5,1,0.00014502421904458043
train,organ,21,92,20,0.00266844563042028
train,organ,22,92,20,0.00266844563042028
train,organ,23,92,20,0.00266844563042028
train,organ,24,427,101,0.01238506830640717
train,organ,25,428,101,0.012414073150216086
train,organ,26,427,102,0.01238506830640717
train,organ,27,427,100,0.01238506830640717
train,organ,28,428,101,0.012414073150216086
train,organ,29,429,101,0.012443077994025002
train,organ,30,426,102,0.012356063462598254
train,organ,31,429,102,0.012443077994025002
train,organ,32,429,102,0.012443077994025002
train,organ,33,429,102,0.012443077994025002
train,organ,34,432,102,0.012530092525451751
train,organ,35,432,102,0.012530092525451751
train,organ,36,526,126,0.015256547843489864
train,organ,37,520,125,0.015082518780636366
train,organ,38,525,127,0.015227542999680948
train,organ,39,526,127,0.015256547843489864
train,organ,40,532,127,0.01543057690634336
train,organ,41,524,127,0.01519853815587203
train,organ,42,524,127,0.01519853815587203
train,organ,43,523,127,0.015169533312063114
train,organ,44,527,127,0.01528555268729878
train,organ,45,528,127,0.015314557531107695
train,organ,46,526,127,0.015256547843489864
train,organ,47,526,127,0.015256547843489864
train,organ,48,516,124,0.014966499405400702
train,organ,49,516,124,0.014966499405400702
train,organ,50,524,125,0.01519853815587203
train,organ,51,517,124,0.014995504249209618
train,organ,52,522,125,0.015140528468254198
train,organ,53,520,125,0.015082518780636366
train,organ,54,520,123,0.015082518780636366
train,organ,55,523,123,0.015169533312063114
train,organ,56,521,123,0.015111523624445282
train,organ,57,519,123,0.01505351393682745
train,organ,58,520,123,0.015082518780636366
train,organ,59,515,123,0.014937494561591786
train,organ,60,521,124,0.015111523624445282
train,organ,61,522,123,0.015140528468254198
train,organ,62,524,124,0.01519853815587203
train,organ,63,521,124,0.015111523624445282
train,organ,64,519,123,0.01505351393682745
train,organ,65,520,124,0.015082518780636366
train,organ,66,525,124,0.015227542999680948
train,organ,67,520,124,0.015082518780636366
train,organ,68,520,124,0.015082518780636366
train,organ,69,522,124,0.015140528468254198
train,organ,70,524,124,0.01519853815587203
train,organ,71,523,124,0.015169533312063114
train,organ,72,521,125,0.015111523624445282
train,organ,73,525,125,0.015227542999680948
train,organ,74,522,125,0.015140528468254198
train,organ,75,526,125,0.015256547843489864
train,organ,76,524,125,0.01519853815587203
train,organ,77,528,125,0.015314557531107695
train,organ,78,526,125,0.015256547843489864
train,organ,79,524,125,0.01519853815587203
train,organ,80,525,125,0.015227542999680948
train,organ,81,522,125,0.015140528468254198
train,organ,82,522,124,0.015140528468254198
train,organ,83,522,125,0.015140528468254198
train,organ,84,530,126,0.015372567218725527
train,organ,85,208,53,0.006033007512254547
train,organ,86,198,48,0.005742959074165385
train,organ,87,181,45,0.005249876729413812
train,organ,88,181,45,0.005249876729413812
train,organ,89,183,45,0.005307886417031644
train,organ,90,182,45,0.005278881573222728
train,organ,91,183,45,0.005307886417031644
train,organ,92,184,45,0.00533689126084056
train,organ,93,179,45,0.00519186704179598
train,organ,94,180,43,0.005220871885604896
train,organ,95,179,43,0.00519186704179598
train,organ,96,181,43,0.005249876729413812
train,organ,97,94,22,0.0027264553180381124
train,organ,98,92,22,0.00266844563042028
train,organ,99,93,22,0.0026974504742291964
train,organ,100,95,22,0.0027554601618470283
train,organ,101,93,22,0.0026974504742291964
train,organ,102,94,21,0.0027264553180381124
train,organ,103,94,22,0.0027264553180381124
train,organ,104,94,22,0.0027264553180381124
train,organ,105,95,22,0.0027554601618470283
train,organ,106,94,22,0.0027264553180381124
train,organ,107,91,22,0.002639440786611364
train,organ,108,93,22,0.0026974504742291964
train,organ,109,4,2,0.00011601937523566436
train,organ,110,5,2,0.00014502421904458043
train,organ,111,4,1,0.00011601937523566436
train,organ,112,3,1,8.701453142674827e-05
train,organ,113,1,1,2.900484380891609e-05
train,organ,114,3,1,8.701453142674827e-05
train,organ,115,3,1,8.701453142674827e-05
train,organ,116,4,1,0.00011601937523566436
train,organ,117,4,1,0.00011601937523566436
train,organ,118,4,1,0.00011601937523566436
train,organ,119,1,1,2.900484380891609e-05
train,organ,120,3,1,8.701453142674827e-05
train,reed,21,52,12,0.0037380490259506867
train,reed,22,62,14,0.00445690460786428
train,reed,23,62,14,0.00445690460786428
train,reed,24,62,14,0.00445690460786428
train,reed,25,67,15,0.004816332398821076
train,reed,26,62,14,0.00445690460786428
train,reed,27,67,15,0.004816332398821076
train,reed,28,67,15,0.004816332398821076
train,reed,29,67,15,0.004816332398821076
train,reed,30,72,16,0.005175760189777874
train,reed,31,117,25,0.008410610308389044
train,reed,32,122,26,0.008770038099345841
train,reed,33,117,25,0.008410610308389044
train,reed,34,132,28,0.009488893681259434
train,reed,35,127,27,0.009129465890302639
train,reed,36,137,29,0.009848321472216232
train,reed,37,137,29,0.009848321472216232
train,reed,38,132,28,0.009488893681259434
train,reed,39,137,29,0.009848321472216232
train,reed,40,132,28,0.009488893681259434
train,reed,41,137,29,0.009848321472216232
train,reed,42,132,28,0.009488893681259434
train,reed,43,137,29,0.009848321472216232
train,reed,44,147,31,0.010567177054129826
train,reed,45,142,30,0.010207749263173029
train,reed,46,147,31,0.010567177054129826
train,reed,47,142,30,0.010207749263173029
train,reed,48,227,47,0.016318021709438572
train,reed,49,227,47,0.016318021709438572
train,reed,50,222,46,0.015958593918481777
train,reed,51,227,47,0.016318021709438572
train,reed,52,222,46,0.015958593918481777
train,reed,53,227,47,0.016318021709438572
train,reed,54,222,46,0.015958593918481777
train,reed,55,267,55,0.019193444037092947
train,reed,56,267,55,0.019193444037092947
train,reed,57,267,55,0.019193444037092947
train,reed,58,277,57,0.019912299619006542
train,reed,59,272,56,0.019552871828049746
train,reed,60,280,58,0.02012795629358062
train,reed,61,270,56,0.019409100711667026
train,reed,62,265,55,0.01904967292071023
train,reed,63,269,56,0.019337215153475668
train,reed,64,265,55,0.01904967292071023
train,reed,65,269,56,0.019337215153475668
train,reed,66,264,55,0.01897778736251887
train,reed,67,268,56,0.019265329595284306
train,reed,68,268,56,0.019265329595284306
train,reed,69,259,54,0.018618359571562073
train,reed,70,264,55,0.01897778736251887
train,reed,71,258,54,0.018546474013370715
train,reed,72,266,55,0.01912155847890159
train,reed,73,265,55,0.01904967292071023
train,reed,74,261,54,0.018762130687944793
train,reed,75,259,54,0.018618359571562073
train,reed,76,260,54,0.01869024512975343
train,reed,77,214,45,0.015383509452950903
train,reed,78,216,45,0.015527280569333621
train,reed,79,215,45,0.015455395011142261
train,reed,80,189,40,0.013586370498166918
train,reed,81,188,40,0.01351448493997556
train,reed,82,187,39,0.0134425993817842
train,reed,83,190,40,0.013658256056358278
train,reed,84,189,40,0.013586370498166918
train,reed,85,188,40,0.01351448493997556
train,reed,86,184,39,0.013226942707210122
train,reed,87,174,37,0.012508087125296528
train,reed,88,174,37,0.012508087125296528
train,reed,89,159,34,0.011429803752426138
train,reed,90,154,33,0.01107037596146934
train,reed,91,155,33,0.0111422615196607
train,reed,92,82,18,0.005894615771691467
train,reed,93,82,18,0.005894615771691467
train,reed,94,67,15,0.004816332398821076
train,reed,95,62,14,0.00445690460786428
train,reed,96,62,14,0.00445690460786428
train,reed,97,36,8,0.002587880094888937
train,reed,98,36,8,0.002587880094888937
train,reed,99,36,8,0.002587880094888937
train,reed,100,36,8,0.002587880094888937
train,reed,101,36,8,0.002587880094888937
train,reed,102,36,8,0.002587880094888937
train,reed,103,36,8,0.002587880094888937
train,reed,104,36,8,0.002587880094888937
train,reed,105,36,8,0.002587880094888937
train,reed,106,36,8,0.002587880094888937
train,reed,107,36,8,0.002587880094888937
train,reed,108,36,8,0.002587880094888937
train,string,23,10,2,0.0005135051864023827
train,string,24,130,26,0.006675567423230975
train,string,25,130,26,0.006675567423230975
train,string,26,135,27,0.006932320016432166
train,string,27,135,27,0.006932320016432166
train,string,28,135,27,0.006932320016432166
train,string,29,135,27,0.006932320016432166
train,string,30,145,29,0.007445825202834548
train,string,31,145,29,0.007445825202834548
train,string,32,145,29,0.007445825202834548
train,string,33,145,29,0.007445825202834548
train,string,34,145,29,0.007445825202834548
train,string,35,145,29,0.007445825202834548
train,string,36,230,46,0.011810619287254801
train,string,37,230,46,0.011810619287254801
train,string,38,230,46,0.011810619287254801
train,string,39,230,46,0.011810619287254801
train,string,40,235,47,0.012067371880455993
train,string,41,235,47,0.012067371880455993
train,string,42,235,47,0.012067371880455993
train,string,43,235,47,0.012067371880455993
train,string,44,235,47,0.012067371880455993
train,string,45,235,47,0.012067371880455993
train,string,46,235,47,0.012067371880455993
train,string,47,235,47,0.012067371880455993
train,string,48,336,68,0.017253774263120056
train,string,49,326,66,0.016740269076717676
train,string,50,336,68,0.017253774263120056
train,string,51,326,66,0.016740269076717676
train,string,52,336,68,0.017253774263120056
train,string,53,336,68,0.017253774263120056
train,string,54,321,65,0.016483516483516484
train,string,55,422,86,0.021669918866180547
train,string,56,387,79,0.01987265071377221
train,string,57,397,81,0.02038615590017459
train,string,58,387,79,0.01987265071377221
train,string,59,397,81,0.02038615590017459
train,string,60,397,81,0.02038615590017459
train,string,61,387,79,0.01987265071377221
train,string,62,397,81,0.02038615590017459
train,string,63,382,78,0.019615898120571018
train,string,64,392,80,0.020129403306973402
train,string,65,392,80,0.020129403306973402
train,string,66,367,75,0.018845640340967442
train,string,67,377,77,0.019359145527369826
train,string,68,342,70,0.017561877374961486
train,string,69,352,72,0.01807538256136387
train,string,70,342,70,0.017561877374961486
train,string,71,352,72,0.01807538256136387
train,string,72,352,72,0.01807538256136387
train,string,73,307,63,0.01576460922255315
train,string,74,317,65,0.01627811440895553
train,string,75,307,63,0.01576460922255315
train,string,76,317,65,0.01627811440895553
train,string,77,297,61,0.015251104036150764
train,string,78,287,59,0.014737598849748382
train,string,79,297,61,0.015251104036150764
train,string,80,262,54,0.013453835883742426
train,string,81,272,56,0.013967341070144808
train,string,82,262,54,0.013453835883742426
train,string,83,262,54,0.013453835883742426
train,string,84,262,54,0.013453835883742426
train,string,85,202,42,0.01037280476532813
train,string,86,202,42,0.01037280476532813
train,string,87,202,42,0.01037280476532813
train,string,88,202,42,0.01037280476532813
train,string,89,197,41,0.010116052172126938
train,string,90,196,40,0.010064701653486701
train,string,91,196,40,0.010064701653486701
train,string,92,171,35,0.008780938687480743
train,string,93,171,35,0.008780938687480743
train,string,94,166,34,0.008524186094279552
train,string,95,166,34,0.008524186094279552
train,string,96,166,34,0.008524186094279552
train,string,97,40,8,0.002054020745609531
train,string,98,35,7,0.0017972681524083393
train,string,99,25,5,0.0012837629660059566
train,string,100,25,5,0.0012837629660059566
train,string,101,25,5,0.0012837629660059566
train,string,102,5,1,0.00025675259320119136
train,string,103,5,1,0.00025675259320119136
train,string,104,5,1,0.00025675259320119136
train,string,105,5,1,0.00025675259320119136
train,synth_lead,9,20,4,0.0036357025995273585
train,synth_lead,10,20,4,0.0036357025995273585
train,synth_lead,11,20,4,0.0036357025995273585
train,synth_lead,12,20,4,0.0036357025995273585
train,synth_lead,13,20,4,0.0036357025995273585
train,synth_lead,14,20,4,0.0036357025995273585
train,synth_lead,15,20,4,0.0036357025995273585
train,synth_lead,16,20,4,0.0036357025995273585
train,synth_lead,17,20,4,0.0036357025995273585
train,synth_lead,18,20,4,0.0036357025995273585
train,synth_lead,19,20,4,0.0036357025995273585
train,synth_lead,20,20,4,0.0036357025995273585
train,synth_lead,21,60,12,0.010907107798582076
train,synth_lead,22,60,12,0.010907107798582076
train,synth_lead,23,60,12,0.010907107798582076
train,synth_lead,24,60,12,0.010907107798582076
train,synth_lead,25,60,12,0.010907107798582076
train,synth_lead,26,60,12,0.010907107798582076
train,synth_lead,27,60,12,0.010907107798582076
train,synth_lead,28,60,12,0.010907107798582076
train,synth_lead,29,60,12,0.010907107798582076
train,synth_lead,30,60,12,0.010907107798582076
train,synth_lead,31,60,12,0.010907107798582076
train,synth_lead,32,60,12,0.010907107798582076
train,synth_lead,33,60,12,0.010907107798582076
train,synth_lead,34,64,13,0.011634248318487547
train,synth_lead,35,63,13,0.01145246318851118
train,synth_lead,36,63,13,0.01145246318851118
train,synth_lead,37,61,13,0.011088892928558443
train,synth_lead,38,63,13,0.01145246318851118
train,synth_lead,39,60,12,0.010907107798582076
train,synth_lead,40,64,13,0.011634248318487547
train,synth_lead,41,61,13,0.011088892928558443
train,synth_lead,42,63,13,0.01145246318851118
train,synth_lead,43,61,13,0.011088892928558443
train,synth_lead,44,61,13,0.011088892928558443
train,synth_lead,45,64,13,0.011634248318487547
train,synth_lead,46,63,13,0.01145246318851118
train,synth_lead,47,63,13,0.01145246318851118
train,synth_lead,48,63,13,0.01145246318851118
train,synth_lead,49,63,13,0.01145246318851118
train,synth_lead,50,60,12,0.010907107798582076
train,synth_lead,51,61,13,0.011088892928558443
train,synth_lead,52,63,13,0.01145246318851118
train,synth_lead,53,62,13,0.011270678058534812
train,synth_lead,54,64,13,0.011634248318487547
train,synth_lead,55,63,13,0.01145246318851118
train,synth_lead,56,64,13,0.011634248318487547
train,synth_lead,57,62,13,0.011270678058534812
train,synth_lead,58,62,13,0.011270678058534812
train,synth_lead,59,62,13,0.011270678058534812
train,synth_lead,60,61,13,0.011088892928558443
train,synth_lead,61,63,13,0.01145246318851118
train,synth_lead,62,63,13,0.01145246318851118
train,synth_lead,63,62,13,0.011270678058534812
train,synth_lead,64,63,13,0.01145246318851118
train,synth_lead,65,62,13,0.011270678058534812
train,synth_lead,66,62,13,0.011270678058534812
train,synth_lead,67,63,13,0.01145246318851118
train,synth_lead,68,62,13,0.011270678058534812
train,synth_lead,69,62,13,0.011270678058534812
train,synth_lead,70,63,13,0.01145246318851118
train,synth_lead,71,64,13,0.011634248318487547
train,synth_lead,72,63,13,0.01145246318851118
train,synth_lead,73,63,13,0.01145246318851118
train,synth_lead,74,64,13,0.011634248318487547
train,synth_lead,75,63,13,0.01145246318851118
train,synth_lead,76,61,13,0.011088892928558443
train,synth_lead,77,63,13,0.01145246318851118
train,synth_lead,78,62,13,0.011270678058534812
train,synth_lead,79,63,13,0.01145246318851118
train,synth_lead,80,62,13,0.011270678058534812
train,synth_lead,81,63,13,0.01145246318851118
train,synth_lead,82,65,13,0.011816033448463915
train,synth_lead,83,62,13,0.011270678058534812
train,synth_lead,84,61,13,0.011088892928558443
train,synth_lead,85,63,13,0.01145246318851118
train,synth_lead,86,61,13,0.011088892928558443
train,synth_lead,87,60,12,0.010907107798582076
train,synth_lead,88,63,13,0.01145246318851118
train,synth_lead,89,62,13,0.011270678058534812
train,synth_lead,90,64,13,0.011634248318487547
train,synth_lead,91,63,13,0.01145246318851118
train,synth_lead,92,65,13,0.011816033448463915
train,synth_lead,93,64,13,0.011634248318487547
train,synth_lead,94,63,13,0.01145246318851118
train,synth_lead,95,63,13,0.01145246318851118
train,synth_lead,96,62,13,0.011270678058534812
train,synth_lead,97,41,9,0.0074531903290310855
train,synth_lead,98,43,9,0.00781676058898382
train,synth_lead,99,43,9,0.00781676058898382
train,synth_lead,100,44,9,0.00799854571896019
train,synth_lead,101,43,9,0.00781676058898382
train,synth_lead,102,43,9,0.00781676058898382
train,synth_lead,103,42,9,0.007634975459007453
train,synth_lead,104,45,9,0.008180330848936558
train,synth_lead,105,42,9,0.007634975459007453
train,synth_lead,106,41,9,0.0074531903290310855
train,synth_lead,107,42,9,0.007634975459007453
train,synth_lead,108,44,9,0.00799854571896019
train,synth_lead,109,3,1,0.0005453553899291038
train,synth_lead,110,3,1,0.0005453553899291038
train,synth_lead,111,1,1,0.00018178512997636792
train,synth_lead,112,2,1,0.00036357025995273584
train,synth_lead,113,3,1,0.0005453553899291038
train,synth_lead,114,2,1,0.00036357025995273584
train,synth_lead,115,5,1,0.0009089256498818396
train,synth_lead,116,2,1,0.00036357025995273584
train,synth_lead,117,2,1,0.00036357025995273584
train,synth_lead,118,1,1,0.00018178512997636792
train,synth_lead,119,2,1,0.00036357025995273584
train,synth_lead,120,1,1,0.00018178512997636792
train,vocal,9,10,2,0.0009796238244514106
train,vocal,10,10,2,0.0009796238244514106
train,vocal,11,10,2,0.0009796238244514106
train,vocal,12,10,2,0.0009796238244514106
train,vocal,13,10,2,0.0009796238244514106
train,vocal,14,10,2,0.0009796238244514106
train,vocal,15,10,2,0.0009796238244514106
train,vocal,16,10,2,0.0009796238244514106
train,vocal,17,10,2,0.0009796238244514106
train,vocal,18,10,2,0.0009796238244514106
train,vocal,19,10,2,0.0009796238244514106
train,vocal,20,10,2,0.0009796238244514106
train,vocal,21,71,15,0.0069553291536050155
train,vocal,22,71,15,0.0069553291536050155
train,vocal,23,71,15,0.0069553291536050155
train,vocal,24,71,15,0.0069553291536050155
train,vocal,25,71,15,0.0069553291536050155
train,vocal,26,71,15,0.0069553291536050155
train,vocal,27,71,15,0.0069553291536050155
train,vocal,28,71,15,0.0069553291536050155
train,vocal,29,71,15,0.0069553291536050155
train,vocal,30,71,15,0.0069553291536050155
train,vocal,31,71,15,0.0069553291536050155
train,vocal,32,71,15,0.0069553291536050155
train,vocal,33,71,15,0.0069553291536050155
train,vocal,34,71,15,0.0069553291536050155
train,vocal,35,71,15,0.0069553291536050155
train,vocal,36,71,15,0.0069553291536050155
train,vocal,37,71,15,0.0069553291536050155
train,vocal,38,131,27,0.012833072100313479
train,vocal,39,131,27,0.012833072100313479
train,vocal,40,131,27,0.012833072100313479
train,vocal,41,131,27,0.012833072100313479
train,vocal,42,131,27,0.012833072100313479
train,vocal,43,132,28,0.01293103448275862
train,vocal,44,132,28,0.01293103448275862
train,vocal,45,132,28,0.01293103448275862
train,vocal,46,132,28,0.01293103448275862
train,vocal,47,132,28,0.01293103448275862
train,vocal,48,132,28,0.01293103448275862
train,vocal,49,132,28,0.01293103448275862
train,vocal,50,157,33,0.015380094043887148
train,vocal,51,157,33,0.015380094043887148
train,vocal,52,187,39,0.018318965517241378
train,vocal,53,187,39,0.018318965517241378
train,vocal,54,187,39,0.018318965517241378
train,vocal,55,190,42,0.018612852664576802
train,vocal,56,190,42,0.018612852664576802
train,vocal,57,190,42,0.018612852664576802
train,vocal,58,165,37,0.016163793103448277
train,vocal,59,160,36,0.01567398119122257
train,vocal,60,190,42,0.018612852664576802
train,vocal,61,190,42,0.018612852664576802
train,vocal,62,190,42,0.018612852664576802
train,vocal,63,190,42,0.018612852664576802
train,vocal,64,190,42,0.018612852664576802
train,vocal,65,190,42,0.018612852664576802
train,vocal,66,190,42,0.018612852664576802
train,vocal,67,190,42,0.018612852664576802
train,vocal,68,185,41,0.018123040752351098
train,vocal,69,185,41,0.018123040752351098
train,vocal,70,185,41,0.018123040752351098
train,vocal,71,165,37,0.016163793103448277
train,vocal,72,165,37,0.016163793103448277
train,vocal,73,165,37,0.016163793103448277
train,vocal,74,165,37,0.016163793103448277
train,vocal,75,140,32,0.01371473354231975
train,vocal,76,135,31,0.013224921630094044
train,vocal,77,135,31,0.013224921630094044
train,vocal,78,134,30,0.013126959247648904
train,vocal,79,134,30,0.013126959247648904
train,vocal,80,134,30,0.013126959247648904
train,vocal,81,124,28,0.012147335423197491
train,vocal,82,114,26,0.01116771159874608
train,vocal,83,74,18,0.0072492163009404385
train,vocal,84,74,18,0.0072492163009404385
train,vocal,85,74,18,0.0072492163009404385
train,vocal,86,74,18,0.0072492163009404385
train,vocal,87,74,18,0.0072492163009404385
train,vocal,88,74,18,0.0072492163009404385
train,vocal,89,74,18,0.0072492163009404385
train,vocal,90,71,15,0.0069553291536050155
train,vocal,91,71,15,0.0069553291536050155
train,vocal,92,71,15,0.0069553291536050155
train,vocal,93,71,15,0.0069553291536050155
train,vocal,94,71,15,0.0069553291536050155
train,vocal,95,71,15,0.0069553291536050155
train,vocal,96,71,15,0.0069553291536050155
train,vocal,97,61,13,0.005975705329153605
train,vocal,98,61,13,0.005975705329153605
train,vocal,99,61,13,0.005975705329153605
train,vocal,100,61,13,0.005975705329153605
train,vocal,101,61,13,0.005975705329153605
train,vocal,102,61,13,0.005975705329153605
train,vocal,103,61,13,0.005975705329153605
train,vocal,104,61,13,0.005975705329153605
train,vocal,105,61,13,0.005975705329153605
train,vocal,106,61,13,0.005975705329153605
train,vocal,107,61,13,0.005975705329153605
train,vocal,108,61,13,0.005975705329153605
valid,bass,9,5,1,0.0018953752843062926
valid,bass,10,4,1,0.001516300227445034
valid,bass,11,4,1,0.001516300227445034
valid,bass,12,4,1,0.001516300227445034
valid,bass,13,3,1,0.0011372251705837756
valid,bass,14,3,1,0.0011372251705837756
valid,bass,15,4,1,0.001516300227445034
valid,bass,16,5,1,0.0018953752843062926
valid,bass,17,4,1,0.001516300227445034
valid,bass,18,2,1,0.000758150113722517
valid,bass,19,4,1,0.001516300227445034
valid,bass,20,3,1,0.0011372251705837756
valid,bass,21,26,7,0.009855951478392721
valid,bass,22,38,10,0.014404852160727824
valid,bass,23,35,10,0.013267626990144048
valid,bass,24,37,9,0.014025777103866566
valid,bass,25,39,10,0.014783927217589083
valid,bass,26,39,10,0.014783927217589083
valid,bass,27,40,10,0.015163002274450341
valid,bass,28,37,10,0.014025777103866566
valid,bass,29,35,10,0.013267626990144048
valid,bass,30,35,10,0.013267626990144048
valid,bass,31,38,10,0.014404852160727824
valid,bass,32,30,9,0.011372251705837756
valid,bass,33,38,10,0.014404852160727824
valid,bass,34,39,10,0.014783927217589083
valid,bass,35,31,10,0.011751326762699014
valid,bass,36,36,10,0.013646702047005308
valid,bass,37,35,10,0.013267626990144048
valid,bass,38,39,10,0.014783927217589083
valid,bass,39,35,10,0.013267626990144048
valid,bass,40,25,10,0.009476876421531463
valid,bass,41,41,10,0.0155420773313116
valid,bass,42,36,10,0.013646702047005308
valid,bass,43,38,10,0.014404852160727824
valid,bass,44,31,10,0.011751326762699014
valid,bass,45,32,10,0.012130401819560273
valid,bass,46,41,10,0.0155420773313116
valid,bass,47,37,10,0.014025777103866566
valid,bass,48,34,10,0.01288855193328279
valid,bass,49,36,10,0.013646702047005308
valid,bass,50,39,10,0.014783927217589083
valid,bass,51,35,10,0.013267626990144048
valid,bass,52,35,10,0.013267626990144048
valid,bass,53,37,10,0.014025777103866566
valid,bass,54,36,10,0.013646702047005308
valid,bass,55,34,10,0.01288855193328279
valid,bass,56,39,10,0.014783927217589083
valid,bass,57,31,10,0.011751326762699014
valid,bass,58,33,9,0.012509476876421531
valid,bass,59,35,10,0.013267626990144048
valid,bass,60,40,10,0.015163002274450341
valid,bass,61,33,10,0.012509476876421531
valid,bass,62,28,9,0.01061410159211524
valid,bass,63,36,10,0.013646702047005308
valid,bass,64,25,7,0.009476876421531463
valid,bass,65,22,7,0.008339651250947688
valid,bass,66,24,7,0.009097801364670205
valid,bass,67,25,7,0.009476876421531463
valid,bass,68,25,7,0.009476876421531463
valid,bass,69,19,7,0.007202426080363912
valid,bass,70,26,7,0.009855951478392721
valid,bass,71,24,7,0.009097801364670205
valid,bass,72,23,7,0.008718726307808946
valid,bass,73,24,7,0.009097801364670205
valid,bass,74,29,7,0.010993176648976498
valid,bass,75,29,7,0.010993176648976498
valid,bass,76,26,7,0.009855951478392721
valid,bass,77,24,6,0.009097801364670205
valid,bass,78,27,7,0.01023502653525398
valid,bass,79,27,7,0.01023502653525398
valid,bass,80,26,7,0.009855951478392721
valid,bass,81,26,7,0.009855951478392721
valid,bass,82,27,7,0.01023502653525398
valid,bass,83,24,7,0.009097801364670205
valid,bass,84,21,7,0.00796057619408643
valid,bass,85,25,7,0.009476876421531463
valid,bass,86,26,7,0.009855951478392721
valid,bass,87,25,6,0.009476876421531463
valid,bass,88,24,7,0.009097801364670205
valid,bass,89,27,7,0.01023502653525398
valid,bass,90,26,7,0.009855951478392721
valid,bass,91,21,7,0.00796057619408643
valid,bass,92,21,6,0.00796057619408643
valid,bass,93,24,7,0.009097801364670205
valid,bass,94,29,7,0.010993176648976498
valid,bass,95,24,7,0.009097801364670205
valid,bass,96,22,7,0.008339651250947688
valid,bass,97,23,6,0.008718726307808946
valid,bass,98,23,6,0.008718726307808946
valid,bass,99,21,6,0.00796057619408643
valid,bass,100,20,6,0.0075815011372251705
valid,bass,101,22,5,0.008339651250947688
valid,bass,102,20,6,0.0075815011372251705
valid,bass,103,24,6,0.009097801364670205
valid,bass,104,17,6,0.006444275966641395
valid,bass,105,18,6,0.006823351023502654
valid,bass,106,17,6,0.006444275966641395
valid,bass,107,22,6,0.008339651250947688
valid,bass,108,25,6,0.009476876421531463
valid,brass,24,5,1,0.0056433408577878106
valid,brass,25,4,1,0.004514672686230248
valid,brass,26,4,1,0.004514672686230248
valid,brass,27,3,1,0.003386004514672686
valid,brass,28,4,1,0.004514672686230248
valid,brass,29,3,1,0.003386004514672686
valid,brass,30,2,1,0.002257336343115124
valid,brass,31,8,2,0.009029345372460496
valid,brass,32,6,2,0.006772009029345372
valid,brass,33,9,2,0.010158013544018058
valid,brass,34,9,2,0.010158013544018058
valid,brass,35,8,2,0.009029345372460496
valid,brass,36,7,2,0.007900677200902935
valid,brass,37,7,2,0.007900677200902935
valid,brass,38,10,2,0.011286681715575621
valid,brass,39,7,2,0.007900677200902935
valid,brass,40,7,2,0.007900677200902935
valid,brass,41,12,3,0.013544018058690745
valid,brass,42,11,3,0.012415349887133182
valid,brass,43,10,3,0.011286681715575621
valid,brass,44,13,3,0.014672686230248307
valid,brass,45,10,3,0.011286681715575621
valid,brass,46,13,3,0.014672686230248307
valid,brass,47,9,3,0.010158013544018058
valid,brass,48,12,3,0.013544018058690745
valid,brass,49,10,3,0.011286681715575621
valid,brass,50,12,3,0.013544018058690745
valid,brass,51,10,3,0.011286681715575621
valid,brass,52,22,5,0.024830699774266364
valid,brass,53,21,5,0.023702031602708805
valid,brass,54,22,5,0.024830699774266364
valid,brass,55,20,5,0.022573363431151242
valid,brass,56,21,5,0.023702031602708805
valid,brass,57,21,5,0.023702031602708805
valid,brass,58,17,5,0.019187358916478554
valid,brass,59,19,5,0.02144469525959368
valid,brass,60,18,5,0.020316027088036117
valid,brass,61,18,5,0.020316027088036117
valid,brass,62,19,5,0.02144469525959368
valid,brass,63,21,5,0.023702031602708805
valid,brass,64,18,5,0.020316027088036117
valid,brass,65,12,4,0.013544018058690745
valid,brass,66,14,4,0.01580135440180587
valid,brass,67,16,4,0.01805869074492099
valid,brass,68,14,4,0.01580135440180587
valid,brass,69,16,4,0.01805869074492099
valid,brass,70,15,4,0.016930022573363433
valid,brass,71,18,4,0.020316027088036117
valid,brass,72,15,4,0.016930022573363433
valid,brass,73,16,4,0.01805869074492099
valid,brass,74,16,4,0.01805869074492099
valid,brass,75,16,4,0.01805869074492099
valid,brass,76,18,4,0.020316027088036117
valid,brass,77,16,4,0.01805869074492099
valid,brass,78,14,3,0.01580135440180587
valid,brass,79,9,3,0.010158013544018058
valid,brass,80,12,3,0.013544018058690745
valid,brass,81,13,3,0.014672686230248307
valid,brass,82,14,3,0.01580135440180587
valid,brass,83,13,3,0.014672686230248307
valid,brass,84,10,3,0.011286681715575621
valid,brass,85,11,3,0.012415349887133182
valid,brass,86,9,3,0.010158013544018058
valid,brass,87,12,3,0.013544018058690745
valid,brass,88,13,3,0.014672686230248307
valid,brass,89,7,2,0.007900677200902935
valid,brass,90,5,1,0.0056433408577878106
valid,brass,91,4,1,0.004514672686230248
valid,brass,92,4,1,0.004514672686230248
valid,brass,93,3,1,0.003386004514672686
valid,brass,94,3,1,0.003386004514672686
valid,brass,95,2,1,0.002257336343115124
valid,brass,96,2,1,0.002257336343115124
valid,brass,97,3,1,0.003386004514672686
valid,brass,98,3,1,0.003386004514672686
valid,brass,99,4,1,0.004514672686230248
valid,brass,100,4,1,0.004514672686230248
valid,brass,101,3,1,0.003386004514672686
valid,brass,102,5,1,0.0056433408577878106
valid,brass,103,5,1,0.0056433408577878106
valid,brass,104,3,1,0.003386004514672686
valid,brass,105,3,1,0.003386004514672686
valid,brass,106,3,1,0.003386004514672686
valid,brass,107,3,1,0.003386004514672686
valid,brass,108,3,1,0.003386004514672686
valid,flute,21,3,1,0.006382978723404255
valid,flute,22,2,1,0.00425531914893617
valid,flute,23,3,1,0.006382978723404255
valid,flute,24,4,1,0.00851063829787234
valid,flute,25,4,1,0.00851063829787234
valid,flute,26,3,1,0.006382978723404255
valid,flute,27,3,1,0.006382978723404255
valid,flute,28,3,1,0.006382978723404255
valid,flute,29,3,1,0.006382978723404255
valid,flute,30,2,1,0.00425531914893617
valid,flute,31,4,1,0.00851063829787234
valid,flute,32,5,1,0.010638297872340425
valid,flute,33,5,1,0.010638297872340425
valid,flute,34,4,1,0.00851063829787234
valid,flute,35,4,1,0.00851063829787234
valid,flute,36,3,1,0.006382978723404255
valid,flute,37,4,1,0.00851063829787234
valid,flute,38,5,1,0.010638297872340425
valid,flute,39,3,1,0.006382978723404255
valid,flute,40,3,1,0.006382978723404255
valid,flute,41,2,1,0.00425531914893617
valid,flute,42,3,1,0.006382978723404255
valid,flute,43,4,1,0.00851063829787234
valid,flute,44,5,1,0.010638297872340425
valid,flute,45,4,1,0.00851063829787234
valid,flute,46,5,1,0.010638297872340425
valid,flute,47,4,1,0.00851063829787234
valid,flute,48,3,1,0.006382978723404255
valid,flute,49,2,1,0.00425531914893617
valid,flute,50,3,1,0.006382978723404255
valid,flute,51,4,1,0.00851063829787234
valid,flute,52,2,1,0.00425531914893617
valid,flute,53,3,1,0.006382978723404255
valid,flute,54,1,1,0.002127659574468085
valid,flute,55,4,1,0.00851063829787234
valid,flute,56,5,1,0.010638297872340425
valid,flute,57,2,1,0.00425531914893617
valid,flute,58,3,1,0.006382978723404255
valid,flute,59,5,1,0.010638297872340425
valid,flute,60,4,1,0.00851063829787234
valid,flute,61,3,1,0.006382978723404255
valid,flute,62,3,1,0.006382978723404255
valid,flute,63,4,1,0.00851063829787234
valid,flute,64,3,1,0.006382978723404255
valid,flute,65,5,1,0.010638297872340425
valid,flute,66,3,1,0.006382978723404255
valid,flute,67,8,2,0.01702127659574468
valid,flute,68,7,2,0.014893617021276596
valid,flute,69,9,2,0.019148936170212766
valid,flute,70,9,2,0.019148936170212766
valid,flute,71,8,2,0.01702127659574468
valid,flute,72,5,2,0.010638297872340425
valid,flute,73,6,2,0.01276595744680851
valid,flute,74,9,2,0.019148936170212766
valid,flute,75,8,2,0.01702127659574468
valid,flute,76,9,2,0.019148936170212766
valid,flute,77,6,2,0.01276595744680851
valid,flute,78,7,2,0.014893617021276596
valid,flute,79,5,2,0.010638297872340425
valid,flute,80,8,2,0.01702127659574468
valid,flute,81,7,2,0.014893617021276596
valid,flute,82,10,2,0.02127659574468085
valid,flute,83,7,2,0.014893617021276596
valid,flute,84,7,2,0.014893617021276596
valid,flute,85,8,2,0.01702127659574468
valid,flute,86,6,2,0.01276595744680851
valid,flute,87,6,2,0.01276595744680851
valid,flute,88,9,2,0.019148936170212766
valid,flute,89,10,2,0.02127659574468085
valid,flute,90,7,2,0.014893617021276596
valid,flute,91,5,2,0.010638297872340425
valid,flute,92,7,2,0.014893617021276596
valid,flute,93,9,2,0.019148936170212766
valid,flute,94,9,2,0.019148936170212766
valid,flute,95,7,2,0.014893617021276596
valid,flute,96,7,2,0.014893617021276596
valid,flute,97,9,2,0.019148936170212766
valid,flute,98,4,2,0.00851063829787234
valid,flute,99,6,2,0.01276595744680851
valid,flute,100,7,2,0.014893617021276596
valid,flute,101,6,2,0.01276595744680851
valid,flute,102,8,2,0.01702127659574468
valid,flute,103,8,2,0.01702127659574468
valid,flute,104,8,2,0.01702127659574468
valid,flute,105,6,2,0.01276595744680851
valid,flute,106,8,2,0.01702127659574468
valid,flute,107,8,2,0.01702127659574468
valid,flute,108,8,2,0.01702127659574468
valid,guitar,21,21,6,0.010091302258529554
valid,guitar,22,16,6,0.0076886112445939455
valid,guitar,23,20,6,0.009610764055742432
valid,guitar,24,18,6,0.008649687650168188
valid,guitar,25,23,6,0.011052378664103796
valid,guitar,26,25,7,0.012013455069678039
valid,guitar,27,26,7,0.012493993272465162
valid,guitar,28,24,7,0.011532916866890917
valid,guitar,29,25,7,0.012013455069678039
valid,guitar,30,28,7,0.013455069678039404
valid,guitar,31,24,6,0.011532916866890917
valid,guitar,32,26,7,0.012493993272465162
valid,guitar,33,25,7,0.012013455069678039
valid,guitar,34,23,7,0.011052378664103796
valid,guitar,35,29,7,0.013935607880826525
valid,guitar,36,25,7,0.012013455069678039
valid,guitar,37,20,7,0.009610764055742432
valid,guitar,38,28,7,0.013455069678039404
valid,guitar,39,27,7,0.012974531475252283
valid,guitar,40,26,7,0.012493993272465162
valid,guitar,41,28,7,0.013455069678039404
valid,guitar,42,23,7,0.011052378664103796
valid,guitar,43,26,7,0.012493993272465162
valid,guitar,44,28,7,0.013455069678039404
valid,guitar,45,26,7,0.012493993272465162
valid,guitar,46,22,7,0.010571840461316675
valid,guitar,47,30,7,0.014416146083613647
valid,guitar,48,24,7,0.011532916866890917
valid,guitar,49,24,6,0.011532916866890917
valid,guitar,50,24,7,0.011532916866890917
valid,guitar,51,20,7,0.009610764055742432
valid,guitar,52,22,7,0.010571840461316675
valid,guitar,53,25,7,0.012013455069678039
valid,guitar,54,22,6,0.010571840461316675
valid,guitar,55,27,7,0.012974531475252283
valid,guitar,56,26,7,0.012493993272465162
valid,guitar,57,22,7,0.010571840461316675
valid,guitar,58,28,7,0.013455069678039404
valid,guitar,59,27,7,0.012974531475252283
valid,guitar,60,24,7,0.011532916866890917
valid,guitar,61,23,7,0.011052378664103796
valid,guitar,62,26,7,0.012493993272465162
valid,guitar,63,23,7,0.011052378664103796
valid,guitar,64,26,7,0.012493993272465162
valid,guitar,65,27,7,0.012974531475252283
valid,guitar,66,26,6,0.012493993272465162
valid,guitar,67,22,7,0.010571840461316675
valid,guitar,68,21,7,0.010091302258529554
valid,guitar,69,27,7,0.012974531475252283
valid,guitar,70,26,7,0.012493993272465162
valid,guitar,71,21,6,0.010091302258529554
valid,guitar,72,23,7,0.011052378664103796
valid,guitar,73,26,7,0.012493993272465162
valid,guitar,74,26,7,0.012493993272465162
valid,guitar,75,27,7,0.012974531475252283
valid,guitar,76,24,7,0.011532916866890917
valid,guitar,77,17,7,0.008169149447381067
valid,guitar,78,32,7,0.015377222489187891
valid,guitar,79,28,7,0.013455069678039404
valid,guitar,80,24,7,0.011532916866890917
valid,guitar,81,26,6,0.012493993272465162
valid,guitar,82,24,7,0.011532916866890917
valid,guitar,83,24,7,0.011532916866890917
valid,guitar,84,22,6,0.010571840461316675
valid,guitar,85,27,7,0.012974531475252283
valid,guitar,86,26,7,0.012493993272465162
valid,guitar,87,23,7,0.011052378664103796
valid,guitar,88,27,7,0.012974531475252283
valid,guitar,89,26,7,0.012493993272465162
valid,guitar,90,17,6,0.008169149447381067
valid,guitar,91,23,6,0.011052378664103796
valid,guitar,92,18,6,0.008649687650168188
valid,guitar,93,23,6,0.011052378664103796
valid,guitar,94,20,6,0.009610764055742432
valid,guitar,95,22,6,0.010571840461316675
valid,guitar,96,17,6,0.008169149447381067
valid,guitar,97,20,6,0.009610764055742432
valid,guitar,98,19,6,0.00913022585295531
valid,guitar,99,16,6,0.0076886112445939455
valid,guitar,100,22,6,0.010571840461316675
valid,guitar,101,19,6,0.00913022585295531
valid,guitar,102,18,6,0.008649687650168188
valid,guitar,103,20,6,0.009610764055742432
valid,guitar,104,19,6,0.00913022585295531
valid,guitar,105,25,6,0.012013455069678039
valid,guitar,106,24,6,0.011532916866890917
valid,guitar,107,23,6,0.011052378664103796
valid,guitar,108,19,5,0.00913022585295531
valid,keyboard,21,18,5,0.0074875207986688855
valid,keyboard,22,18,5,0.0074875207986688855
valid,keyboard,23,24,6,0.009983361064891847
valid,keyboard,24,27,6,0.011231281198003328
valid,keyboard,25,22,6,0.009151414309484194
valid,keyboard,26,22,6,0.009151414309484194
valid,keyboard,27,21,6,0.008735440931780365
valid,keyboard,28,20,6,0.008319467554076539
valid,keyboard,29,24,7,0.009983361064891847
valid,keyboard,30,31,8,0.012895174708818636
valid,keyboard,31,25,8,0.010399334442595673
valid,keyboard,32,33,8,0.01372712146422629
valid,keyboard,33,28,8,0.011647254575707155
valid,keyboard,34,33,8,0.01372712146422629
valid,keyboard,35,35,8,0.014559068219633943
valid,keyboard,36,28,8,0.011647254575707155
valid,keyboard,37,32,8,0.013311148086522463
valid,keyboard,38,33,8,0.01372712146422629
valid,keyboard,39,24,7,0.009983361064891847
valid,keyboard,40,30,8,0.012479201331114808
valid,keyboard,41,33,8,0.01372712146422629
valid,keyboard,42,34,8,0.014143094841930116
valid,keyboard,43,33,8,0.01372712146422629
valid,keyboard,44,30,8,0.012479201331114808
valid,keyboard,45,30,8,0.012479201331114808
valid,keyboard,46,32,8,0.013311148086522463
valid,keyboard,47,32,8,0.013311148086522463
valid,keyboard,48,26,8,0.010815307820299502
valid,keyboard,49,33,8,0.01372712146422629
valid,keyboard,50,33,8,0.01372712146422629
valid,keyboard,51,30,8,0.012479201331114808
valid,keyboard,52,28,8,0.011647254575707155
valid,keyboard,53,29,8,0.012063227953410981
valid,keyboard,54,29,8,0.012063227953410981
valid,keyboard,55,35,8,0.014559068219633943
valid,keyboard,56,32,8,0.013311148086522463
valid,keyboard,57,30,8,0.012479201331114808
valid,keyboard,58,29,8,0.012063227953410981
valid,keyboard,59,30,8,0.012479201331114808
valid,keyboard,60,34,8,0.014143094841930116
valid,keyboard,61,27,8,0.011231281198003328
valid,keyboard,62,27,8,0.011231281198003328
valid,keyboard,63,25,8,0.010399334442595673
valid,keyboard,64,31,8,0.012895174708818636
valid,keyboard,65,30,8,0.012479201331114808
valid,keyboard,66,31,8,0.012895174708818636
valid,keyboard,67,32,8,0.013311148086522463
valid,keyboard,68,32,8,0.013311148086522463
valid,keyboard,69,29,8,0.012063227953410981
valid,keyboard,70,31,8,0.012895174708818636
valid,keyboard,71,30,8,0.012479201331114808
valid,keyboard,72,24,8,0.009983361064891847
valid,keyboard,73,27,8,0.011231281198003328
valid,keyboard,74,29,8,0.012063227953410981
valid,keyboard,75,29,8,0.012063227953410981
valid,keyboard,76,32,8,0.013311148086522463
valid,keyboard,77,31,8,0.012895174708818636
valid,keyboard,78,33,8,0.01372712146422629
valid,keyboard,79,32,8,0.013311148086522463
valid,keyboard,80,30,8,0.012479201331114808
valid,keyboard,81,28,8,0.011647254575707155
valid,keyboard,82,24,8,0.009983361064891847
valid,keyboard,83,30,8,0.012479201331114808
valid,keyboard,84,32,8,0.013311148086522463
valid,keyboard,85,31,8,0.012895174708818636
valid,keyboard,86,24,8,0.009983361064891847
valid,keyboard,87,28,8,0.011647254575707155
valid,keyboard,88,28,8,0.011647254575707155
valid,keyboard,89,29,7,0.012063227953410981
valid,keyboard,90,21,6,0.008735440931780365
valid,keyboard,91,25,6,0.010399334442595673
valid,keyboard,92,25,6,0.010399334442595673
valid,keyboard,93,20,6,0.008319467554076539
valid,keyboard,94,25,6,0.010399334442595673
valid,keyboard,95,25,6,0.010399334442595673
valid,keyboard,96,26,6,0.010815307820299502
valid,keyboard,97,20,5,0.008319467554076539
valid,keyboard,98,21,5,0.008735440931780365
valid,keyboard,99,21,5,0.008735440931780365
valid,keyboard,100,20,5,0.008319467554076539
valid,keyboard,101,21,5,0.008735440931780365
valid,keyboard,102,18,5,0.0074875207986688855
valid,keyboard,103,19,5,0.007903494176372712
valid,keyboard,104,20,5,0.008319467554076539
valid,keyboard,105,20,5,0.008319467554076539
valid,keyboard,106,22,5,0.009151414309484194
valid,keyboard,107,20,5,0.008319467554076539
valid,keyboard,108,19,5,0.007903494176372712
valid,mallet,21,4,1,0.006033182503770739
valid,mallet,22,5,1,0.007541478129713424
valid,mallet,23,5,1,0.007541478129713424
valid,mallet,24,4,1,0.006033182503770739
valid,mallet,25,3,1,0.004524886877828055
valid,mallet,26,3,1,0.004524886877828055
valid,mallet,27,5,1,0.007541478129713424
valid,mallet,28,3,1,0.004524886877828055
valid,mallet,29,4,1,0.006033182503770739
valid,mallet,30,5,1,0.007541478129713424
valid,mallet,31,5,1,0.007541478129713424
valid,mallet,32,4,1,0.006033182503770739
valid,mallet,33,4,1,0.006033182503770739
valid,mallet,34,6,2,0.00904977375565611
valid,mallet,35,5,2,0.007541478129713424
valid,mallet,36,6,2,0.00904977375565611
valid,mallet,37,5,2,0.007541478129713424
valid,mallet,38,8,2,0.012066365007541479
valid,mallet,39,6,2,0.00904977375565611
valid,mallet,40,3,1,0.004524886877828055
valid,mallet,41,6,2,0.00904977375565611
valid,mallet,42,5,2,0.007541478129713424
valid,mallet,43,7,2,0.010558069381598794
valid,mallet,44,4,2,0.006033182503770739
valid,mallet,45,3,1,0.004524886877828055
valid,mallet,46,7,2,0.010558069381598794
valid,mallet,47,7,2,0.010558069381598794
valid,mallet,48,3,2,0.004524886877828055
valid,mallet,49,4,2,0.006033182503770739
valid,mallet,50,5,1,0.007541478129713424
valid,mallet,51,7,2,0.010558069381598794
valid,mallet,52,5,2,0.007541478129713424
valid,mallet,53,7,2,0.010558069381598794
valid,mallet,54,7,2,0.010558069381598794
valid,mallet,55,4,2,0.006033182503770739
valid,mallet,56,6,2,0.00904977375565611
valid,mallet,57,6,2,0.00904977375565611
valid,mallet,58,7,2,0.010558069381598794
valid,mallet,59,6,2,0.00904977375565611
valid,mallet,60,6,2,0.00904977375565611
valid,mallet,61,6,2,0.00904977375565611
valid,mallet,62,6,2,0.00904977375565611
valid,mallet,63,6,2,0.00904977375565611
valid,mallet,64,8,2,0.012066365007541479
valid,mallet,65,8,3,0.012066365007541479
valid,mallet,66,6,3,0.00904977375565611
valid,mallet,67,10,3,0.015082956259426848
valid,mallet,68,10,3,0.015082956259426848
valid,mallet,69,11,3,0.016591251885369532
valid,mallet,70,9,3,0.013574660633484163
valid,mallet,71,10,3,0.015082956259426848
valid,mallet,72,9,3,0.013574660633484163
valid,mallet,73,7,3,0.010558069381598794
valid,mallet,74,9,3,0.013574660633484163
valid,mallet,75,13,3,0.0196078431372549
valid,mallet,76,13,3,0.0196078431372549
valid,mallet,77,9,3,0.013574660633484163
valid,mallet,78,9,3,0.013574660633484163
valid,mallet,79,8,3,0.012066365007541479
valid,mallet,80,10,3,0.015082956259426848
valid,mallet,81,10,3,0.015082956259426848
valid,mallet,82,8,2,0.012066365007541479
valid,mallet,83,10,3,0.015082956259426848
valid,mallet,84,7,3,0.010558069381598794
valid,mallet,85,9,3,0.013574660633484163
valid,mallet,86,7,3,0.010558069381598794
valid,mallet,87,11,3,0.016591251885369532
valid,mallet,88,10,3,0.015082956259426848
valid,mallet,89,11,3,0.016591251885369532
valid,mallet,90,8,3,0.012066365007541479
valid,mallet,91,8,2,0.012066365007541479
valid,mallet,92,11,3,0.016591251885369532
valid,mallet,93,8,3,0.012066365007541479
valid,mallet,94,11,3,0.016591251885369532
valid,mallet,95,9,3,0.013574660633484163
valid,mallet,96,9,3,0.013574660633484163
valid,mallet,97,9,2,0.013574660633484163
valid,mallet,98,10,3,0.015082956259426848
valid,mallet,99,10,3,0.015082956259426848
valid,mallet,100,11,3,0.016591251885369532
valid,mallet,101,8,3,0.012066365007541479
valid,mallet,102,9,3,0.013574660633484163
valid,mallet,103,8,3,0.012066365007541479
valid,mallet,104,9,2,0.013574660633484163
valid,mallet,105,9,3,0.013574660633484163
valid,mallet,106,10,3,0.015082956259426848
valid,mallet,107,8,3,0.012066365007541479
valid,mallet,108,11,3,0.016591251885369532
valid,mallet,109,2,1,0.0030165912518853697
valid,mallet,110,1,1,0.0015082956259426848
valid,mallet,111,3,1,0.004524886877828055
valid,mallet,112,2,1,0.0030165912518853697
valid,mallet,113,1,1,0.0015082956259426848
valid,mallet,114,2,1,0.0030165912518853697
valid,mallet,115,2,1,0.0030165912518853697
valid,mallet,116,3,1,0.004524886877828055
valid,mallet,117,1,1,0.0015082956259426848
valid,mallet,118,2,1,0.0030165912518853697
valid,mallet,119,1,1,0.0015082956259426848
valid,mallet,120,2,1,0.0030165912518853697
valid,organ,9,3,1,0.0018773466833541927
valid,organ,10,2,1,0.0012515644555694619
valid,organ,11,3,1,0.0018773466833541927
valid,organ,12,4,1,0.0025031289111389237
valid,organ,13,4,1,0.0025031289111389237
valid,organ,14,5,1,0.0031289111389236545
valid,organ,15,5,1,0.0031289111389236545
valid,organ,16,3,1,0.0018773466833541927
valid,organ,17,5,1,0.0031289111389236545
valid,organ,18,4,1,0.0025031289111389237
valid,organ,19,3,1,0.0018773466833541927
valid,organ,20,4,1,0.0025031289111389237
valid,organ,21,9,2,0.005632040050062578
valid,organ,22,9,2,0.005632040050062578
valid,organ,23,5,2,0.0031289111389236545
valid,organ,24,17,5,0.010638297872340425
valid,organ,25,18,5,0.011264080100125156
valid,organ,26,20,5,0.012515644555694618
valid,organ,27,22,5,0.01376720901126408
valid,organ,28,23,5,0.014392991239048811
valid,organ,29,20,5,0.012515644555694618
valid,organ,30,19,5,0.011889862327909888
valid,organ,31,20,5,0.012515644555694618
valid,organ,32,16,5,0.010012515644555695
valid,organ,33,19,5,0.011889862327909888
valid,organ,34,18,5,0.011264080100125156
valid,organ,35,18,5,0.011264080100125156
valid,organ,36,22,6,0.01376720901126408
valid,organ,37,21,6,0.013141426783479349
valid,organ,38,26,6,0.016270337922403004
valid,organ,39,25,6,0.015644555694618274
valid,organ,40,21,6,0.013141426783479349
valid,organ,41,23,6,0.014392991239048811
valid,organ,42,25,6,0.015644555694618274
valid,organ,43,22,6,0.01376720901126408
valid,organ,44,23,6,0.014392991239048811
valid,organ,45,21,6,0.013141426783479349
valid,organ,46,25,6,0.015644555694618274
valid,organ,47,25,6,0.015644555694618274
valid,organ,48,22,6,0.01376720901126408
valid,organ,49,25,6,0.015644555694618274
valid,organ,50,22,6,0.01376720901126408
valid,organ,51,24,6,0.015018773466833541
valid,organ,52,21,6,0.013141426783479349
valid,organ,53,22,6,0.01376720901126408
valid,organ,54,26,6,0.016270337922403004
valid,organ,55,22,6,0.01376720901126408
valid,organ,56,20,6,0.012515644555694618
valid,organ,57,24,6,0.015018773466833541
valid,organ,58,21,6,0.013141426783479349
valid,organ,59,23,6,0.014392991239048811
valid,organ,60,19,6,0.011889862327909888
valid,organ,61,24,6,0.015018773466833541
valid,organ,62,24,6,0.015018773466833541
valid,organ,63,24,6,0.015018773466833541
valid,organ,64,19,6,0.011889862327909888
valid,organ,65,20,6,0.012515644555694618
valid,organ,66,26,6,0.016270337922403004
valid,organ,67,22,6,0.01376720901126408
valid,organ,68,22,6,0.01376720901126408
valid,organ,69,23,6,0.014392991239048811
valid,organ,70,20,6,0.012515644555694618
valid,organ,71,24,6,0.015018773466833541
valid,organ,72,21,6,0.013141426783479349
valid,organ,73,19,6,0.011889862327909888
valid,organ,74,21,6,0.013141426783479349
valid,organ,75,26,6,0.016270337922403004
valid,organ,76,22,6,0.01376720901126408
valid,organ,77,23,6,0.014392991239048811
valid,organ,78,24,6,0.015018773466833541
valid,organ,79,25,6,0.015644555694618274
valid,organ,80,22,6,0.01376720901126408
valid,organ,81,24,6,0.015018773466833541
valid,organ,82,22,6,0.01376720901126408
valid,organ,83,24,6,0.015018773466833541
valid,organ,84,22,6,0.01376720901126408
valid,organ,85,11,3,0.00688360450563204
valid,organ,86,15,3,0.009386733416770964
valid,organ,87,12,3,0.007509386733416771
valid,organ,88,11,3,0.00688360450563204
valid,organ,89,10,3,0.006257822277847309
valid,organ,90,10,3,0.006257822277847309
valid,organ,91,11,3,0.00688360450563204
valid,organ,92,11,3,0.00688360450563204
valid,organ,93,12,3,0.007509386733416771
valid,organ,94,13,3,0.008135168961201502
valid,organ,95,10,3,0.006257822277847309
valid,organ,96,12,3,0.007509386733416771
valid,organ,97,5,1,0.0031289111389236545
valid,organ,98,5,1,0.0031289111389236545
valid,organ,99,4,1,0.0025031289111389237
valid,organ,100,5,1,0.0031289111389236545
valid,organ,101,3,1,0.0018773466833541927
valid,organ,102,3,1,0.0018773466833541927
valid,organ,103,4,1,0.0025031289111389237
valid,organ,104,3,1,0.0018773466833541927
valid,organ,105,5,1,0.0031289111389236545
valid,organ,106,4,1,0.0025031289111389237
valid,organ,107,4,1,0.0025031289111389237
valid,organ,108,4,1,0.0025031289111389237
valid,reed,31,6,2,0.008333333333333333
valid,reed,32,7,2,0.009722222222222222
valid,reed,33,5,2,0.006944444444444444
valid,reed,34,9,2,0.0125
valid,reed,35,11,3,0.015277777777777777
valid,reed,36,11,3,0.015277777777777777
valid,reed,37,12,3,0.016666666666666666
valid,reed,38,11,3,0.015277777777777777
valid,reed,39,8,3,0.011111111111111112
valid,reed,40,12,3,0.016666666666666666
valid,reed,41,14,3,0.019444444444444445
valid,reed,42,11,3,0.015277777777777777
valid,reed,43,11,3,0.015277777777777777
valid,reed,44,11,3,0.015277777777777777
valid,reed,45,13,3,0.018055555555555554
valid,reed,46,12,3,0.016666666666666666
valid,reed,47,13,3,0.018055555555555554
valid,reed,48,13,3,0.018055555555555554
valid,reed,49,11,3,0.015277777777777777
valid,reed,50,10,3,0.013888888888888888
valid,reed,51,14,3,0.019444444444444445
valid,reed,52,15,4,0.020833333333333332
valid,reed,53,17,4,0.02361111111111111
valid,reed,54,15,4,0.020833333333333332
valid,reed,55,14,4,0.019444444444444445
valid,reed,56,17,4,0.02361111111111111
valid,reed,57,12,4,0.016666666666666666
valid,reed,58,15,4,0.020833333333333332
valid,reed,59,18,4,0.025
valid,reed,60,12,4,0.016666666666666666
valid,reed,61,16,4,0.022222222222222223
valid,reed,62,12,4,0.016666666666666666
valid,reed,63,18,4,0.025
valid,reed,64,16,4,0.022222222222222223
valid,reed,65,14,4,0.019444444444444445
valid,reed,66,16,4,0.022222222222222223
valid,reed,67,15,4,0.020833333333333332
valid,reed,68,15,4,0.020833333333333332
valid,reed,69,13,4,0.018055555555555554
valid,reed,70,16,4,0.022222222222222223
valid,reed,71,15,4,0.020833333333333332
valid,reed,72,14,4,0.019444444444444445
valid,reed,73,13,4,0.018055555555555554
valid,reed,74,13,4,0.018055555555555554
valid,reed,75,14,4,0.019444444444444445
valid,reed,76,17,4,0.02361111111111111
valid,reed,77,11,3,0.015277777777777777
valid,reed,78,8,2,0.011111111111111112
valid,reed,79,8,2,0.011111111111111112
valid,reed,80,9,2,0.0125
valid,reed,81,8,2,0.011111111111111112
valid,reed,82,8,2,0.011111111111111112
valid,reed,83,7,2,0.009722222222222222
valid,reed,84,7,2,0.009722222222222222
valid,reed,85,8,2,0.011111111111111112
valid,reed,86,7,2,0.009722222222222222
valid,reed,87,5,1,0.006944444444444444
valid,reed,88,3,1,0.004166666666666667
valid,reed,89,4,1,0.005555555555555556
valid,reed,90,3,1,0.004166666666666667
valid,reed,91,4,1,0.005555555555555556
valid,reed,92,3,1,0.004166666666666667
valid,reed,93,4,1,0.005555555555555556
valid,reed,94,5,1,0.006944444444444444
valid,reed,95,3,1,0.004166666666666667
valid,reed,96,5,1,0.006944444444444444
valid,reed,97,3,1,0.004166666666666667
valid,string,24,17,4,0.020884520884520884
valid,string,25,14,4,0.0171990171990172
valid,string,26,15,4,0.018427518427518427
valid,string,27,15,4,0.018427518427518427
valid,string,28,12,4,0.014742014742014743
valid,string,29,13,4,0.01597051597051597
valid,string,30,14,4,0.0171990171990172
valid,string,31,16,4,0.019656019656019656
valid,string,32,15,4,0.018427518427518427
valid,string,33,15,4,0.018427518427518427
valid,string,34,13,4,0.01597051597051597
valid,string,35,13,4,0.01597051597051597
valid,string,36,18,5,0.022113022113022112
valid,string,37,17,5,0.020884520884520884
valid,string,38,19,5,0.02334152334152334
valid,string,39,17,5,0.020884520884520884
valid,string,40,16,5,0.019656019656019656
valid,string,41,14,5,0.0171990171990172
valid,string,42,21,5,0.025798525798525797
valid,string,43,19,5,0.02334152334152334
valid,string,44,19,5,0.02334152334152334
valid,string,45,19,5,0.02334152334152334
valid,string,46,19,5,0.02334152334152334
valid,string,47,15,5,0.018427518427518427
valid,string,48,21,5,0.025798525798525797
valid,string,49,19,5,0.02334152334152334
valid,string,50,20,5,0.02457002457002457
valid,string,51,20,5,0.02457002457002457
valid,string,52,19,5,0.02334152334152334
valid,string,53,19,5,0.02334152334152334
valid,string,54,18,5,0.022113022113022112
valid,string,55,23,6,0.028255528255528257
valid,string,56,13,3,0.01597051597051597
valid,string,57,14,3,0.0171990171990172
valid,string,58,10,3,0.012285012285012284
valid,string,59,9,3,0.011056511056511056
valid,string,60,10,3,0.012285012285012284
valid,string,61,8,3,0.009828009828009828
valid,string,62,10,3,0.012285012285012284
valid,string,63,10,3,0.012285012285012284
valid,string,64,9,3,0.011056511056511056
valid,string,65,10,3,0.012285012285012284
valid,string,66,10,2,0.012285012285012284
valid,string,67,7,2,0.0085995085995086
valid,string,68,9,2,0.011056511056511056
valid,string,69,8,2,0.009828009828009828
valid,string,70,8,2,0.009828009828009828
valid,string,71,3,2,0.0036855036855036856
valid,string,72,7,2,0.0085995085995086
valid,string,73,8,2,0.009828009828009828
valid,string,74,7,2,0.0085995085995086
valid,string,75,8,2,0.009828009828009828
valid,string,76,9,2,0.011056511056511056
valid,string,77,7,2,0.0085995085995086
valid,string,78,5,2,0.006142506142506142
valid,string,79,6,2,0.007371007371007371
valid,string,80,3,1,0.0036855036855036856
valid,string,81,4,1,0.004914004914004914
valid,string,82,4,1,0.004914004914004914
valid,string,83,4,1,0.004914004914004914
valid,string,84,4,1,0.004914004914004914
valid,string,85,4,1,0.004914004914004914
valid,string,86,4,1,0.004914004914004914
valid,string,87,3,1,0.0036855036855036856
valid,string,88,4,1,0.004914004914004914
valid,string,89,4,1,0.004914004914004914
valid,string,90,3,1,0.0036855036855036856
valid,string,91,5,1,0.006142506142506142
valid,string,92,3,1,0.0036855036855036856
valid,string,93,4,1,0.004914004914004914
valid,string,94,5,1,0.006142506142506142
valid,string,95,4,1,0.004914004914004914
valid,string,96,3,1,0.0036855036855036856
valid,vocal,21,5,1,0.012376237623762377
valid,vocal,22,3,1,0.007425742574257425
valid,vocal,23,4,1,0.009900990099009901
valid,vocal,24,4,1,0.009900990099009901
valid,vocal,25,5,1,0.012376237623762377
valid,vocal,26,5,1,0.012376237623762377
valid,vocal,27,2,1,0.0049504950495049506
valid,vocal,28,3,1,0.007425742574257425
valid,vocal,29,4,1,0.009900990099009901
valid,vocal,30,4,1,0.009900990099009901
valid,vocal,31,5,1,0.012376237623762377
valid,vocal,32,4,1,0.009900990099009901
valid,vocal,33,3,1,0.007425742574257425
valid,vocal,34,4,1,0.009900990099009901
valid,vocal,35,4,1,0.009900990099009901
valid,vocal,36,2,1,0.0049504950495049506
valid,vocal,37,5,1,0.012376237623762377
valid,vocal,38,5,1,0.012376237623762377
valid,vocal,39,4,1,0.009900990099009901
valid,vocal,40,4,1,0.009900990099009901
valid,vocal,41,3,1,0.007425742574257425
valid,vocal,42,3,1,0.007425742574257425
valid,vocal,43,5,1,0.012376237623762377
valid,vocal,44,4,1,0.009900990099009901
valid,vocal,45,3,1,0.007425742574257425
valid,vocal,46,5,1,0.012376237623762377
valid,vocal,47,4,1,0.009900990099009901
valid,vocal,48,4,1,0.009900990099009901
valid,vocal,49,5,1,0.012376237623762377
valid,vocal,50,4,2,0.009900990099009901
valid,vocal,51,8,2,0.019801980198019802
valid,vocal,52,9,2,0.022277227722772276
valid,vocal,53,9,2,0.022277227722772276
valid,vocal,54,8,2,0.019801980198019802
valid,vocal,55,7,2,0.017326732673267328
valid,vocal,56,6,2,0.01485148514851485
valid,vocal,57,6,2,0.01485148514851485
valid,vocal,58,8,2,0.019801980198019802
valid,vocal,59,8,2,0.019801980198019802
valid,vocal,60,7,2,0.017326732673267328
valid,vocal,61,10,2,0.024752475247524754
valid,vocal,62,9,2,0.022277227722772276
valid,vocal,63,7,2,0.017326732673267328
valid,vocal,64,5,2,0.012376237623762377
valid,vocal,65,6,2,0.01485148514851485
valid,vocal,66,8,2,0.019801980198019802
valid,vocal,67,8,2,0.019801980198019802
valid,vocal,68,8,2,0.019801980198019802
valid,vocal,69,9,2,0.022277227722772276
valid,vocal,70,7,2,0.017326732673267328
valid,vocal,71,4,1,0.009900990099009901
valid,vocal,72,4,1,0.009900990099009901
valid,vocal,73,4,1,0.009900990099009901
valid,vocal,74,3,1,0.007425742574257425
valid,vocal,75,4,1,0.009900990099009901
valid,vocal,76,4,1,0.009900990099009901
valid,vocal,77,4,1,0.009900990099009901
valid,vocal,78,3,1,0.007425742574257425
valid,vocal,79,3,1,0.007425742574257425
valid,vocal,80,3,1,0.007425742574257425
valid,vocal,81,4,1,0.009900990099009901
valid,vocal,82,3,1,0.007425742574257425
valid,vocal,83,4,1,0.009900990099009901
valid,vocal,84,4,1,0.009900990099009901
valid,vocal,85,2,1,0.0049504950495049506
valid,vocal,86,4,1,0.009900990099009901
valid,vocal,87,4,1,0.009900990099009901
valid,vocal,88,4,1,0.009900990099009901
valid,vocal,89,5,1,0.012376237623762377
valid,vocal,90,3,1,0.007425742574257425
valid,vocal,91,3,1,0.007425742574257425
valid,vocal,92,3,1,0.007425742574257425
valid,vocal,93,4,1,0.009900990099009901
valid,vocal,94,3,1,0.007425742574257425
valid,vocal,95,2,1,0.0049504950495049506
valid,vocal,96,2,1,0.0049504950495049506
valid,vocal,97,3,1,0.007425742574257425
valid,vocal,98,5,1,0.012376237623762377
valid,vocal,99,4,1,0.009900990099009901
valid,vocal,100,3,1,0.007425742574257425
valid,vocal,101,4,1,0.009900990099009901
valid,vocal,102,5,1,0.012376237623762377
valid,vocal,103,4,1,0.009900990099009901
valid,vocal,104,1,1,0.0024752475247524753
valid,vocal,105,2,1,0.0049504950495049506
valid,vocal,106,5,1,0.012376237623762377
valid,vocal,107,4,1,0.009900990099009901
valid,vocal,108,2,1,0.0049504950495049506
